lote,fruta,ph,peso
20,limão,1.7,83
6,laranja,4.3,146
9,laranja,3.5,137
5,laranja,3.5,144
11,laranja,3.6,125
3,laranja,4.3,146
2,laranja,4.1,123
16,limão,1.9,87
1,limão,1.9,72
16,laranja,3.8,136
18,laranja,3.7,134
5,laranja,4.1,148
1,laranja,4.2,137
5,laranja,4,139
10,limão,2,75
1,laranja,3.5,138
7,limão,2.1,85
15,limão,1.5,71
3,limão,1.9,75
13,laranja,4,141
3,laranja,3.7,147
13,laranja,4,128
10,limão,2.1,78
16,laranja,3.7,125
7,laranja,4.3,144
3,laranja,3.6,149
20,limão,2.2,92
18,limão,1.5,72
12,laranja,4.1,130
16,limão,2.1,80
13,limão,2,91
6,laranja,4.3,145
17,limão,2.3,71
14,limão,1.6,88
11,laranja,3.9,151
13,limão,2.1,88
12,laranja,3.8,149
15,limão,2.3,91
3,laranja,4.2,146
16,laranja,3.7,125
5,limão,1.9,73
20,limão,2.1,87
19,laranja,3.6,140
17,limão,1.5,81
18,laranja,4,124
14,laranja,4.2,132
2,limão,2.2,88
11,limão,1.8,92
18,limão,1.6,70
15,laranja,4.2,150
17,laranja,3.5,150
15,laranja,4.2,121
7,laranja,3.7,150
1,limão,2.3,76
18,limão,2.3,84
4,limão,2.3,86
17,laranja,4.1,148
2,limão,1.9,82
10,limão,1.6,78
6,limão,2,86
18,laranja,3.7,135
11,laranja,4.2,145
16,laranja,4.1,131
20,laranja,4.1,144
7,limão,2.2,87
18,laranja,4,148
14,limão,2.2,83
6,laranja,3.7,140
12,laranja,3.5,144
3,limão,1.9,92
1,laranja,3.8,127
12,limão,1.6,83
7,limão,1.6,76
19,limão,1.9,80
17,limão,2.1,87
2,laranja,3.8,147
9,limão,1.5,86
19,laranja,3.5,142
9,limão,1.6,90
17,limão,2,84
5,limão,1.9,92
7,limão,2.1,84
20,laranja,4.2,120
8,laranja,4,120
2,limão,1.9,72
11,limão,1.6,76
5,limão,1.9,76
3,limão,1.7,76
17,laranja,3.7,132
2,laranja,4.1,140
3,laranja,4.3,133
15,limão,2,78
4,limão,2,91
19,laranja,4,135
7,limão,1.8,84
10,limão,1.5,86
8,limão,1.7,92
19,laranja,3.9,151
6,limão,1.5,84
18,limão,2.1,89
20,limão,1.7,78
9,laranja,4.2,145
19,limão,1.8,88
5,laranja,3.7,125
13,limão,2.2,75
13,limão,1.9,91
5,laranja,3.7,147
18,limão,2,88
5,laranja,4.2,137
20,limão,1.5,71
14,limão,1.5,91
3,limão,2.3,70
18,limão,1.6,78
1,laranja,4.1,127
4,laranja,4.2,140
11,laranja,4.3,139
3,laranja,3.9,124
11,laranja,4.1,150
19,limão,1.7,76
3,laranja,4.1,133
10,limão,1.7,84
4,limão,1.9,70
18,limão,2,82
11,laranja,4.2,124
18,laranja,3.5,146
4,laranja,3.7,141
2,limão,2.3,77
8,limão,2,90
8,limão,2.2,90
13,laranja,3.7,147
12,laranja,3.9,148
17,limão,1.8,91
4,limão,2.2,92
2,laranja,3.5,128
5,laranja,3.7,149
14,limão,2,82
11,laranja,4,122
3,laranja,3.8,131
18,limão,2.2,79
2,laranja,4.1,132
13,laranja,4.2,122
4,laranja,3.9,144
17,laranja,4.3,146
17,laranja,4.2,125
9,laranja,3.7,151
9,limão,1.9,74
6,laranja,4.3,139
4,laranja,3.5,123
7,laranja,4.3,129
1,limão,2.2,82
20,laranja,4.3,122
5,limão,1.7,73
19,limão,2.2,91
19,limão,1.8,79
12,limão,2.2,81
14,limão,2.1,92
7,limão,1.7,78
15,limão,1.8,74
8,limão,2,92
7,limão,2.3,92
12,laranja,4.2,129
19,laranja,4.3,125
19,limão,2,92
16,laranja,4.3,150
16,laranja,3.9,151
6,laranja,3.6,132
16,limão,2,71
12,limão,2.1,81
7,limão,1.7,75
3,limão,1.5,82
14,laranja,3.9,135
14,limão,1.6,88
1,laranja,3.9,124
9,laranja,3.6,133
3,limão,1.8,82
13,laranja,3.8,134
9,laranja,3.7,140
3,limão,1.9,91
3,laranja,3.7,137
5,limão,1.9,78
5,laranja,4.3,125
20,laranja,4.1,141
5,limão,2.2,85
9,limão,2.3,74
6,limão,1.8,84
12,limão,2,91
10,laranja,3.7,121
18,limão,1.6,81
2,limão,1.5,85
13,laranja,3.5,149
15,laranja,3.5,144
17,limão,1.7,76
6,limão,1.7,86
11,limão,1.7,73
12,laranja,4.2,141
13,limão,2.1,89
4,laranja,4.3,139
13,laranja,3.6,142
2,laranja,3.8,151
14,laranja,3.9,135
11,laranja,4.1,147
8,laranja,3.6,142
7,limão,1.8,90
9,laranja,4.1,132
3,limão,1.5,85
12,laranja,3.7,149
3,limão,2.2,84
3,laranja,4.1,121
4,laranja,3.7,138
16,limão,1.6,87
6,laranja,3.5,140
2,limão,2.1,84
3,laranja,3.6,137
12,laranja,3.6,123
1,limão,2.3,75
5,laranja,4.3,128
15,laranja,4.1,123
20,limão,1.6,89
8,limão,1.5,83
19,limão,1.9,82
2,laranja,4.2,133
5,laranja,3.8,150
1,limão,1.7,76
17,limão,1.9,70
13,laranja,3.8,121
4,laranja,4.2,123
3,laranja,4.1,134
11,laranja,3.5,147
13,limão,1.8,88
1,laranja,3.7,128
2,laranja,3.7,124
5,limão,2.3,80
18,limão,2.2,83
1,laranja,3.9,129
17,limão,1.6,85
11,limão,1.6,74
14,limão,1.8,92
11,limão,1.5,84
19,limão,1.8,84
19,limão,2.2,82
17,laranja,4.1,125
11,limão,1.5,91
8,limão,1.7,91
2,laranja,4.2,148
6,limão,2,78
7,limão,2.3,92
5,limão,1.9,86
13,laranja,4.3,143
6,limão,2,88
7,limão,2,90
15,limão,2,82
8,limão,1.7,79
10,laranja,4.2,125
18,laranja,4.2,139
17,laranja,4.2,143
12,laranja,4.1,126
12,limão,1.9,88
1,limão,1.8,75
20,laranja,3.7,128
13,limão,2.1,92
7,laranja,4,132
7,limão,1.6,85
16,limão,2.3,88
9,limão,2,79
4,laranja,3.6,137
11,laranja,4.3,143
19,laranja,4.3,125
1,laranja,3.7,140
16,laranja,4.3,120
14,limão,2.2,82
13,limão,1.7,86
6,laranja,3.9,124
14,laranja,3.5,126
17,laranja,3.6,128
14,limão,2.1,72
19,limão,2.2,88
18,laranja,3.8,134
17,limão,1.8,84
1,laranja,4,146
19,laranja,3.8,143
1,laranja,3.7,147
15,laranja,4,147
18,limão,2.1,85
9,laranja,3.5,126
5,limão,1.5,90
13,laranja,3.7,124
10,laranja,3.8,148
19,laranja,3.8,137
17,limão,2.1,87
11,limão,2.3,89
3,laranja,4,140
11,limão,1.6,85
20,limão,1.6,81
17,limão,2.2,87
17,limão,2.2,79
8,limão,1.8,71
5,limão,2.2,92
18,laranja,4,149
17,limão,1.6,88
16,laranja,4.1,126
1,laranja,3.8,136
13,laranja,4.1,127
19,limão,1.8,73
5,laranja,4.1,125
6,laranja,4,128
17,limão,2.2,80
14,limão,2,76
4,laranja,3.5,122
16,limão,1.7,84
7,laranja,4.1,123
9,laranja,4,146
1,laranja,4.3,134
3,limão,2.3,80
14,laranja,4.2,121
7,limão,2.1,87
11,laranja,4.1,133
13,limão,1.6,73
9,limão,2.1,91
13,limão,2.1,90
1,limão,2.2,75
20,limão,1.6,71
19,laranja,3.9,150
4,laranja,4.2,124
6,laranja,4.1,140
3,limão,1.5,78
18,laranja,4.1,137
6,limão,2,74
6,limão,2.3,70
2,laranja,3.8,144
6,laranja,4,137
17,laranja,4,123
12,limão,2.1,83
12,limão,1.6,73
6,limão,1.7,78
20,laranja,3.6,125
18,limão,1.8,84
3,limão,1.7,82
10,laranja,3.8,120
11,laranja,3.8,126
6,limão,1.6,90
15,limão,2.1,88
10,laranja,4,133
4,limão,2,76
6,limão,2,73
12,laranja,3.8,135
9,laranja,3.9,149
15,limão,1.6,70
13,limão,2,74
18,laranja,3.6,130
11,limão,1.7,77
13,limão,2.1,86
1,laranja,3.5,124
15,laranja,4.1,132
17,laranja,4,134
1,limão,1.6,87
18,laranja,4.2,147
2,limão,2.1,73
12,limão,2.2,79
19,limão,2.3,92
1,limão,1.7,70
8,limão,1.7,74
4,limão,2.1,84
14,limão,1.8,88
9,laranja,3.7,133
3,limão,1.9,83
13,laranja,3.5,141
4,limão,1.9,78
16,limão,1.5,87
8,laranja,4.2,149
17,limão,1.6,76
12,laranja,4.2,139
14,limão,1.7,89
8,limão,2.2,91
3,laranja,4,137
16,limão,2.2,88
2,laranja,3.9,145
19,limão,2.3,70
12,laranja,4,129
20,limão,1.7,89
16,laranja,3.6,147
12,limão,2.1,83
3,laranja,4.3,134
11,limão,1.5,91
5,limão,2.1,74
11,limão,1.7,70
12,limão,1.6,71
12,limão,1.5,91
1,laranja,4.1,124
14,limão,2.3,86
16,laranja,4.3,150
11,limão,2,73
16,laranja,3.6,128
11,limão,1.9,76
4,limão,2.3,76
16,limão,1.7,80
7,limão,1.7,72
4,laranja,3.6,145
8,laranja,3.9,151
19,laranja,3.6,145
8,laranja,4,147
3,limão,1.8,76
15,limão,2.3,85
6,laranja,3.6,136
15,laranja,4.2,121
2,laranja,3.8,138
1,laranja,4,144
3,laranja,3.8,149
13,laranja,3.7,151
4,limão,1.6,70
10,laranja,4.3,146
17,limão,1.6,78
7,laranja,3.8,120
5,limão,2.3,83
5,limão,1.6,89
9,laranja,3.8,148
17,limão,1.6,86
17,laranja,4,124
6,laranja,4,143
17,laranja,3.8,150
4,limão,1.8,88
2,limão,2.2,81
1,limão,1.8,86
11,limão,1.5,89
16,limão,2,71
20,laranja,3.5,143
18,laranja,4.2,127
16,laranja,4,133
17,limão,1.8,77
18,limão,2.3,74
12,limão,2,86
19,limão,1.9,71
4,limão,1.8,75
16,laranja,4,133
15,limão,2.2,79
16,limão,2.1,70
17,limão,1.7,80
20,laranja,3.5,121
10,laranja,3.9,124
18,laranja,4,148
10,limão,2.2,78
17,limão,2.1,74
6,laranja,3.8,125
9,limão,1.5,89
19,laranja,3.6,142
13,laranja,3.5,128
20,limão,1.6,92
11,limão,2.3,86
10,laranja,4.3,132
18,laranja,3.5,149
7,laranja,3.8,151
17,limão,1.5,82
5,laranja,4,142
2,limão,2.3,88
3,limão,2.2,90
15,laranja,3.6,123
18,limão,2.3,78
15,limão,2.2,78
17,laranja,3.9,135
9,laranja,3.7,136
20,limão,2,87
6,limão,1.5,91
17,limão,2,90
15,laranja,4.2,131
10,limão,2.2,79
6,limão,2.1,75
1,limão,2,80
3,limão,1.7,76
9,laranja,4,146
4,laranja,3.7,134
14,laranja,4.3,141
15,laranja,4,139
14,limão,2,84
18,laranja,3.6,125
2,laranja,4.1,142
16,laranja,3.8,134
11,laranja,4.2,142
6,limão,2,92
17,laranja,3.7,139
18,limão,1.8,75
19,laranja,3.7,143
14,limão,1.6,73
2,laranja,3.7,129
3,laranja,3.7,122
5,limão,2.2,80
8,limão,1.9,70
5,limão,1.8,88
6,laranja,4.2,131
5,laranja,3.6,136
10,limão,1.8,81
3,laranja,3.6,134
16,limão,2,79
3,laranja,3.8,147
18,laranja,3.9,145
14,limão,2,91
19,limão,1.8,81
8,laranja,4.1,131
8,laranja,3.5,148
6,laranja,3.8,133
12,laranja,3.9,122
2,limão,2.2,85
17,laranja,4.1,142
6,limão,1.9,83
11,limão,1.9,70
17,laranja,3.7,129
2,limão,1.6,72
9,laranja,3.5,146
16,laranja,4.2,145
2,laranja,4.3,139
18,laranja,4.3,146
12,limão,2,82
19,limão,1.8,74
6,limão,1.8,73
17,laranja,3.6,139
4,laranja,3.8,147
4,limão,2.1,81
19,limão,1.9,87
7,laranja,4.1,148
11,laranja,3.8,139
9,limão,2.2,70
9,laranja,3.8,125
10,laranja,3.9,125
6,laranja,4,147
20,limão,2.3,77
7,laranja,3.8,129
15,laranja,3.5,143
4,laranja,4.1,137
19,limão,2.2,72
11,laranja,3.6,149
13,laranja,4.3,127
8,limão,2.2,86
13,limão,1.8,92
2,laranja,3.6,124
16,limão,1.9,89
15,laranja,3.6,149
10,limão,2.1,73
15,laranja,4.2,150
6,laranja,3.5,135
15,laranja,3.8,126
18,limão,1.8,76
17,limão,1.8,73
19,limão,1.5,70
8,laranja,3.8,144
11,limão,1.7,82
10,laranja,3.8,149
12,limão,1.9,74
9,laranja,3.8,134
4,laranja,3.5,151
3,laranja,3.8,145
8,laranja,3.5,150
8,laranja,3.8,129
4,laranja,3.7,126
1,limão,1.7,79
13,limão,1.8,86
13,laranja,3.5,128
19,limão,2.2,86
4,laranja,4.1,134
15,limão,2.1,77
5,laranja,3.6,149
9,limão,1.8,86
14,limão,1.5,76
14,limão,2.3,74
2,laranja,4.3,130
8,laranja,3.7,131
8,laranja,3.7,121
7,limão,1.8,81
9,laranja,3.5,120
15,laranja,3.9,122
3,limão,2.3,83
18,limão,1.6,71
7,laranja,4.2,143
13,limão,1.6,92
8,laranja,4.3,138
4,laranja,3.5,127
11,laranja,3.9,122
14,laranja,3.8,124
13,laranja,3.8,144
3,limão,1.6,84
15,laranja,4.1,141
3,limão,2.2,79
20,laranja,3.5,122
17,limão,1.9,86
5,limão,1.5,76
15,laranja,4,137
6,laranja,4.2,131
8,limão,1.7,81
19,laranja,3.5,123
17,limão,2.1,78
20,laranja,4.1,138
8,laranja,4,130
13,laranja,4.3,142
5,laranja,3.5,147
9,laranja,3.9,148
1,laranja,3.9,131
2,laranja,3.8,131
20,limão,1.9,84
8,laranja,4.1,140
9,limão,1.9,80
13,laranja,3.8,129
16,limão,2.2,74
15,laranja,4,136
12,limão,2.2,89
5,laranja,3.5,126
12,limão,2,71
9,laranja,3.6,149
9,laranja,4.1,144
18,laranja,3.7,122
20,laranja,4.1,151
11,laranja,3.6,120
2,limão,2,77
14,limão,1.9,79
14,limão,2.2,88
1,limão,1.7,78
20,limão,1.9,80
12,laranja,3.8,130
13,laranja,4.1,126
14,limão,1.9,70
16,limão,2,71
7,laranja,3.9,144
12,laranja,3.5,120
15,laranja,3.7,123
16,laranja,3.9,148
4,limão,2.2,80
15,laranja,3.6,143
15,laranja,4,141
16,limão,1.5,80
5,limão,2,75
20,laranja,4,150
1,laranja,3.6,125
20,limão,2.3,92
11,limão,2.1,72
1,limão,2,81
12,laranja,4.1,122
3,limão,1.7,71
5,laranja,3.7,147
7,laranja,3.8,134
15,limão,1.6,92
8,laranja,3.7,123
18,limão,2.3,76
6,limão,1.8,75
3,limão,1.7,89
3,limão,1.7,73
8,limão,1.6,90
3,limão,1.8,81
15,laranja,4.3,149
9,limão,1.7,82
16,limão,1.9,88
16,limão,1.8,88
5,limão,2,76
20,laranja,4.3,122
10,limão,1.8,82
16,laranja,4.2,121
5,limão,1.7,79
17,limão,1.7,80
19,limão,1.7,75
13,laranja,3.6,142
19,limão,1.7,71
6,limão,2,78
14,limão,2,73
6,limão,1.5,79
8,limão,1.7,91
5,limão,1.7,89
17,laranja,3.8,150
8,limão,2,92
12,limão,1.8,89
4,laranja,4,148
1,limão,1.6,79
1,laranja,3.7,136
8,limão,1.6,77
11,laranja,4.3,140
16,limão,1.9,89
20,limão,1.9,76
15,laranja,4.3,136
13,limão,2.1,84
19,laranja,3.5,124
5,limão,2.3,76
19,laranja,4,132
12,laranja,3.6,125
10,limão,2.2,76
20,laranja,4.1,132
4,limão,2.3,82
6,laranja,4.2,148
18,laranja,4,130
18,limão,1.8,81
11,limão,1.9,73
7,laranja,4.1,147
17,laranja,4,140
14,limão,1.8,85
11,limão,1.7,87
12,laranja,3.5,131
16,limão,2.1,79
17,limão,2.1,87
17,limão,1.6,87
4,limão,1.8,70
17,limão,2,84
8,laranja,3.8,138
11,limão,1.5,78
19,laranja,3.9,139
18,laranja,3.7,133
1,laranja,3.5,132
13,laranja,3.8,145
9,laranja,4,145
2,limão,1.9,72
12,limão,1.7,77
3,laranja,3.6,128
12,limão,2.1,82
4,laranja,3.6,150
11,laranja,3.7,128
11,laranja,3.5,145
17,laranja,4.2,135
8,limão,2.2,84
11,laranja,4.1,127
18,limão,1.6,88
8,limão,2.3,76
14,laranja,3.5,149
17,limão,1.7,71
18,limão,2.3,92
2,limão,2.1,81
18,laranja,4.2,151
3,laranja,3.8,137
8,limão,1.7,76
13,laranja,4.1,121
4,limão,1.6,74
4,laranja,4.3,149
6,laranja,4.2,132
17,laranja,3.9,125
8,laranja,3.9,129
15,limão,1.8,75
3,limão,1.7,84
8,limão,1.7,84
2,limão,1.6,70
15,limão,2,75
13,limão,1.6,85
2,laranja,4.2,128
18,limão,2.1,92
12,laranja,4,125
1,laranja,4.2,132
11,laranja,4.3,120
11,limão,1.5,88
2,laranja,4.1,144
14,laranja,4.1,149
13,laranja,4,123
18,laranja,4.3,143
8,laranja,3.7,132
18,laranja,3.6,140
1,laranja,3.8,140
16,laranja,3.9,136
7,laranja,3.5,122
17,limão,2.3,81
14,laranja,4.2,147
16,laranja,4,151
8,limão,1.6,75
19,limão,2,71
13,laranja,4,139
19,laranja,4.3,130
16,laranja,3.8,138
11,limão,1.5,80
12,laranja,3.7,133
15,limão,1.6,92
13,limão,2.3,87
10,laranja,4,150
15,laranja,3.6,149
6,limão,1.7,84
1,laranja,3.9,151
8,laranja,4.3,132
5,laranja,4.3,127
15,limão,2,74
3,laranja,4,142
2,laranja,3.7,123
7,limão,1.8,71
4,limão,1.6,82
11,limão,1.9,78
12,limão,2.3,74
15,laranja,4.1,133
19,laranja,3.9,135
17,limão,1.9,90
10,limão,2.3,71
13,laranja,4.3,138
14,limão,1.6,75
20,laranja,3.7,133
2,limão,2.1,89
11,limão,1.6,82
3,limão,1.8,85
2,laranja,4.1,131
6,laranja,4.1,127
7,laranja,3.5,138
15,limão,1.8,80
1,laranja,3.7,133
16,laranja,3.8,141
15,laranja,3.9,121
4,laranja,3.6,120
9,limão,1.6,82
17,limão,1.5,74
5,limão,1.5,73
17,laranja,3.6,139
14,laranja,3.9,142
13,laranja,4.3,129
17,limão,2,73
3,limão,1.7,73
18,limão,1.9,70
4,limão,2.2,71
5,laranja,4.3,121
12,limão,1.7,86
11,limão,1.5,86
20,laranja,3.8,146
17,limão,2.3,83
15,laranja,4.2,129
1,laranja,4.1,131
18,limão,1.8,83
12,limão,1.5,90
17,laranja,4.3,144
1,limão,2.3,89
2,laranja,4.1,129
3,laranja,4.1,144
18,laranja,3.9,140
5,laranja,3.9,150
16,limão,1.5,77
2,laranja,4.1,147
5,limão,1.7,79
12,laranja,3.7,151
17,limão,1.7,90
5,laranja,4.3,139
9,limão,2,82
18,laranja,3.7,121
19,limão,1.7,87
9,limão,2,86
4,limão,1.7,75
12,limão,1.6,72
3,limão,1.7,92
16,laranja,3.5,130
11,laranja,4,136
19,laranja,4.3,124
20,limão,1.8,71
10,limão,1.7,84
6,laranja,3.9,148
9,limão,2.2,79
19,laranja,4.2,136
20,laranja,3.6,138
16,limão,1.6,75
9,laranja,3.5,144
17,limão,2.1,90
1,laranja,3.8,137
4,limão,1.6,81
19,limão,2.1,92
4,laranja,4,132
20,limão,1.9,84
1,laranja,4.1,135
9,limão,2,88
13,limão,1.8,83
12,laranja,3.5,140
9,limão,1.6,70
13,laranja,3.9,132
19,limão,2.2,77
9,limão,2.1,87
17,laranja,4.3,134
14,limão,2.1,76
6,limão,1.7,78
13,laranja,3.8,124
10,limão,2.3,87
4,limão,2,82
3,laranja,3.6,146
8,laranja,3.5,131
5,laranja,3.7,122
9,laranja,4,124
20,limão,1.5,81
12,limão,1.9,75
17,limão,2,85
5,limão,2,90
4,limão,1.8,72
14,limão,2.3,82
9,limão,2,70
7,laranja,3.7,128
9,limão,1.6,72
19,laranja,4.3,147
7,limão,1.8,77
8,limão,2.2,91
18,limão,2.3,92
13,limão,1.9,70
2,limão,2.3,76
14,laranja,4,151
3,limão,2.3,78
9,limão,2,76
16,limão,1.6,86
8,laranja,4.2,149
1,limão,2.3,82
19,limão,2,79
12,laranja,4,151
12,limão,1.5,81
18,laranja,3.8,138
17,laranja,3.9,130
18,limão,1.8,79
20,laranja,3.6,144
19,limão,2.3,91
5,limão,1.9,73
18,laranja,4.1,124
11,limão,2.3,90
4,laranja,3.6,135
13,limão,2,76
2,laranja,3.7,134
10,limão,1.6,73
4,limão,2.2,87
16,limão,1.8,79
11,laranja,4,132
5,laranja,4.3,128
20,laranja,3.5,124
4,limão,2,92
6,limão,2,87
1,laranja,3.5,141
6,limão,1.8,71
1,laranja,3.7,124
15,laranja,3.7,124
7,limão,1.6,87
11,laranja,4.1,132
9,laranja,3.9,150
8,limão,2.2,73
15,limão,1.5,72
7,limão,1.6,89
18,limão,1.7,70
19,limão,2.2,80
9,limão,1.7,87
18,laranja,3.8,144
3,laranja,4.3,146
14,laranja,4.3,141
2,laranja,3.5,133
16,limão,2,70
13,laranja,4.3,150
3,laranja,4.3,150
11,laranja,4.2,137
10,laranja,4.2,139
18,limão,1.9,91
7,limão,1.9,90
16,laranja,4.1,135
6,limão,1.8,85
10,limão,1.5,79
12,limão,1.9,78
18,laranja,4.1,138
18,laranja,3.6,147
13,laranja,3.6,126
20,limão,1.9,87
2,limão,1.6,85
17,laranja,3.8,143
13,laranja,3.6,124
7,laranja,4,126
18,limão,1.6,91
18,limão,1.9,86
7,laranja,4.1,133
9,limão,1.7,92
10,laranja,4.1,121
9,laranja,4.3,125
18,laranja,3.5,123
6,limão,1.7,92
7,laranja,4,142
15,laranja,3.8,139
12,laranja,3.5,141
17,limão,1.5,83
12,limão,2.3,81
11,limão,2.3,71
17,laranja,4.1,133
8,limão,1.9,70
3,laranja,3.6,149
8,limão,1.5,72
12,limão,1.6,92
7,laranja,4.1,125
13,laranja,4.1,150
12,limão,2,79
7,limão,1.8,71
12,laranja,4.2,124
3,limão,2.3,72
9,laranja,4,123
7,laranja,3.7,141
18,laranja,4.3,126
15,laranja,3.8,127
8,limão,1.7,84
15,limão,1.8,76
4,laranja,4.3,145
10,laranja,3.9,133
5,limão,1.5,85
7,laranja,4,122
13,laranja,3.8,133
4,limão,1.9,84
15,limão,1.5,76
14,limão,1.6,74
8,laranja,4.1,145
16,laranja,3.9,145
15,laranja,3.7,139
4,laranja,4.3,122
10,laranja,3.9,140
1,limão,1.7,82
20,laranja,3.7,142
11,laranja,3.5,123
11,laranja,4.3,150
11,laranja,4.3,151
10,limão,1.9,86
20,limão,2.3,74
19,laranja,4.2,133
15,limão,2.1,92
6,laranja,3.6,128
13,limão,1.6,78
14,laranja,3.6,143
8,limão,1.5,80
14,laranja,3.5,149
18,laranja,3.9,138
9,limão,2.1,84
9,laranja,3.5,124
12,laranja,3.6,136
2,laranja,4,120
5,laranja,3.5,138
16,limão,2.1,83
6,limão,2.3,72
16,laranja,3.8,125
6,laranja,4.2,134
14,limão,2.1,70
4,laranja,3.9,122
9,limão,1.9,77
17,limão,1.6,73
7,limão,2.3,85
20,limão,1.9,91
3,laranja,4.1,121
19,laranja,4,138
11,limão,2.1,74
13,limão,2,81
8,laranja,3.8,147
18,laranja,4.1,142
20,limão,2.2,83
10,limão,2.3,73
7,laranja,3.5,129
7,laranja,3.8,131
2,limão,2.2,92
17,laranja,3.6,134
9,limão,2.1,72
3,laranja,4.2,149
17,laranja,3.7,143
1,laranja,3.6,131
13,limão,1.8,82
13,limão,1.5,73
20,limão,2.2,86
6,limão,1.8,84
10,limão,1.5,83
5,limão,1.7,89
17,limão,1.6,87
1,laranja,4.1,144
4,laranja,4.2,126
20,limão,1.7,86
20,laranja,4.1,139
9,limão,1.9,92
17,limão,2.3,91
12,limão,2.3,91
18,laranja,3.6,133
9,laranja,4.2,127
14,laranja,3.6,132
8,limão,1.9,77
15,limão,1.5,79
12,limão,1.9,77
7,laranja,3.5,122
16,laranja,4,138
12,laranja,3.5,149
16,laranja,4.3,147
10,laranja,3.6,122
7,laranja,4.2,134
7,limão,1.8,75
6,limão,2.3,92
9,limão,2.1,92
15,laranja,4.1,126
8,limão,1.6,71
4,limão,1.5,74
14,limão,1.6,86
15,limão,1.9,84
12,limão,2.2,80
20,limão,2.1,90
19,laranja,4.3,127
5,limão,1.5,77
15,laranja,3.7,122
17,limão,1.8,81
20,laranja,3.6,133
1,laranja,3.9,129
12,laranja,3.5,142
7,laranja,4,139
4,limão,1.5,77
3,laranja,3.5,146
16,laranja,3.8,140
11,laranja,4.2,125
18,laranja,4,136
16,limão,2,83
19,laranja,3.6,135
18,limão,2.2,75
20,laranja,4.2,146
17,laranja,4.2,127
9,laranja,3.8,146
15,laranja,4.1,140
20,laranja,3.6,131
12,laranja,3.7,138
10,laranja,3.7,123
8,laranja,3.8,131
11,laranja,4.2,142
2,laranja,4.3,140
15,laranja,4.1,129
20,laranja,3.8,124
8,laranja,4.1,133
1,laranja,3.7,131
17,laranja,3.8,132
15,limão,1.5,73
11,laranja,4.2,149
20,laranja,3.5,145
14,laranja,3.8,123
9,limão,1.8,85
13,laranja,4,138
15,limão,2.1,78
3,limão,2.3,77
16,laranja,4.3,128
20,laranja,4.3,143
9,laranja,4,149
16,laranja,3.6,141
8,limão,2.2,77
3,laranja,3.7,146
5,laranja,3.5,151
2,limão,2.1,87
18,laranja,4.3,124
4,limão,1.8,87
10,laranja,3.5,134
5,limão,2.1,86
7,limão,2,73
9,limão,1.6,92
7,laranja,3.9,151
16,limão,1.8,76
19,laranja,4.2,146
11,laranja,3.6,149
12,limão,1.8,72
6,laranja,3.6,123
1,limão,1.5,92
8,limão,1.8,82
15,laranja,4,142
5,laranja,4.1,131
13,laranja,4.3,123
20,limão,2.2,75
1,laranja,3.9,145
20,limão,2.1,86
10,limão,1.5,72
6,laranja,3.6,148
16,limão,2.2,86
9,limão,2.3,71
4,limão,1.8,92
15,laranja,3.9,126
19,laranja,3.8,125
15,limão,1.5,80
13,laranja,4.1,150
4,laranja,4.1,121
7,limão,1.7,70
10,laranja,4.3,151
6,laranja,3.9,136
19,limão,2.3,76
13,laranja,3.9,148
8,limão,1.7,83
13,laranja,3.6,138
18,laranja,3.6,135
19,limão,2,82
8,limão,1.6,71
8,laranja,4.3,143
16,laranja,4,149
5,laranja,4.3,136
2,laranja,4.1,135
16,limão,1.5,71
9,limão,1.6,92
3,laranja,3.9,145
16,laranja,3.5,122
18,laranja,4.2,145
14,limão,1.9,91
1,limão,2,75
19,laranja,3.8,120
1,limão,2,74
2,laranja,4.3,147
17,limão,1.9,74
8,laranja,3.5,131
4,limão,1.5,77
14,laranja,3.7,121
9,limão,1.6,87
3,limão,2.3,82
16,limão,1.9,76
8,laranja,4.2,128
10,limão,1.7,73
13,limão,1.5,79
9,limão,1.6,91
7,limão,1.9,75
12,laranja,4.2,146
20,limão,1.8,81
17,laranja,3.6,133
6,laranja,3.6,142
15,laranja,4.1,140
3,limão,1.7,76
11,laranja,4.2,139
19,laranja,3.9,143
2,laranja,4,129
15,limão,1.7,84
1,laranja,3.6,131
12,limão,2.1,84
9,laranja,3.8,121
11,limão,1.5,76
2,limão,1.6,85
4,limão,1.8,76
20,limão,2.1,83
2,limão,1.5,76
17,laranja,3.8,120
9,laranja,4,128
12,laranja,3.6,139
3,laranja,3.5,141
17,laranja,4.2,151
19,limão,2,75
5,limão,1.6,88
9,laranja,4.1,142
6,laranja,3.5,129
2,limão,1.7,72
5,limão,2.2,78
15,laranja,3.7,132
3,laranja,3.8,145
13,limão,1.8,90
3,limão,2,86
1,limão,1.8,74
2,laranja,3.6,147
17,limão,1.9,89
18,laranja,4,135
4,limão,1.5,72
6,limão,1.8,81
19,laranja,3.5,145
2,laranja,4.2,128
18,limão,1.8,83
2,laranja,3.5,145
10,limão,1.8,82
13,laranja,3.8,133
12,limão,2,76
3,limão,1.8,82
6,laranja,3.7,137
16,laranja,3.9,124
3,laranja,3.6,131
12,limão,2.2,81
2,limão,2.1,90
8,laranja,3.8,133
6,limão,2.3,70
17,limão,2.2,88
10,limão,1.8,73
2,laranja,3.8,143
8,laranja,4,121
19,laranja,4,141
2,laranja,3.9,134
14,laranja,3.6,133
6,laranja,3.9,140
10,limão,2.3,92
8,laranja,3.8,140
13,limão,1.6,88
1,limão,1.6,74
20,limão,1.6,88
20,laranja,3.7,145
6,limão,1.6,82
1,limão,1.6,86
13,laranja,3.8,143
19,limão,2.1,92
5,laranja,4,151
5,limão,2.1,73
3,laranja,4.3,140
1,limão,1.9,82
12,laranja,4.1,125
3,laranja,3.7,123
2,limão,2,83
16,laranja,3.8,131
2,limão,2.2,79
3,laranja,4.3,151
14,laranja,3.9,143
4,limão,2.3,77
8,limão,1.9,81
14,limão,2,71
19,laranja,3.8,142
8,laranja,4,136
7,limão,2.3,70
18,limão,1.7,91
3,laranja,4.2,138
5,laranja,3.7,135
17,laranja,3.5,137
10,limão,2,76
11,laranja,3.6,144
2,limão,1.8,88
19,limão,1.5,76
7,limão,1.5,72
14,laranja,4.1,127
9,laranja,3.7,130
11,laranja,4.1,128
7,laranja,4.1,130
14,laranja,4.3,138
9,limão,2.3,80
8,limão,2.1,70
7,limão,1.6,81
15,laranja,4.3,145
20,limão,1.9,75
2,limão,2.3,86
6,laranja,4,120
14,limão,2.3,89
9,laranja,4,137
7,laranja,4,145
18,laranja,4.1,127
12,laranja,4,135
10,laranja,4,122
14,limão,2,87
10,laranja,3.8,139
1,laranja,4.1,136
9,limão,2.1,77
5,laranja,3.8,133
18,limão,2.1,75
12,limão,1.6,87
16,laranja,4,141
4,limão,1.8,77
7,limão,2.3,91
16,limão,1.8,90
9,limão,2.2,79
3,limão,2.3,85
6,limão,2,79
11,limão,1.9,88
7,limão,2.1,78
7,laranja,4.2,120
12,limão,1.7,71
19,laranja,4.3,150
6,limão,1.7,92
1,limão,1.7,73
3,limão,1.6,82
11,laranja,3.5,128
20,laranja,3.9,151
12,limão,2.3,86
19,limão,2,71
6,laranja,3.9,123
1,laranja,3.7,143
6,laranja,3.9,146
10,limão,1.5,75
10,laranja,3.8,144
20,laranja,4.1,121
19,laranja,4.1,140
2,limão,2,78
1,laranja,4.3,148
8,limão,1.6,71
19,laranja,3.5,134
3,laranja,3.5,134
15,laranja,3.6,122
6,limão,1.7,89
6,laranja,4.1,130
3,laranja,3.6,150
8,laranja,3.5,127
3,laranja,3.6,137
18,limão,2.3,80
18,limão,1.9,87
19,limão,2.2,89
16,laranja,4.2,139
15,limão,2.3,83
8,limão,1.6,91
14,laranja,3.6,148
18,limão,2.3,75
20,laranja,3.5,148
1,limão,2,89
4,laranja,4,132
11,laranja,4.1,143
3,laranja,3.7,137
5,limão,1.5,83
1,laranja,3.5,122
14,laranja,4,144
3,laranja,4,141
2,laranja,4.1,128
2,laranja,4.2,140
16,laranja,4.2,141
7,limão,2.3,92
2,limão,1.7,78
9,limão,1.5,88
20,limão,2.1,84
8,limão,1.8,70
18,laranja,3.7,144
8,laranja,4.3,149
6,limão,2.2,87
5,laranja,3.8,151
2,laranja,3.6,128
4,limão,1.5,84
2,limão,1.8,84
2,laranja,4.1,128
5,limão,1.6,70
14,limão,1.8,88
9,laranja,4.1,127
5,limão,2.3,84
15,limão,1.6,86
12,limão,2.1,73
1,limão,2.3,71
18,laranja,3.8,134
16,laranja,3.6,136
19,laranja,4.1,142
10,laranja,4.2,138
16,limão,2.1,91
19,limão,2.2,70
6,laranja,4.1,147
1,limão,1.5,90
5,laranja,3.5,151
17,limão,1.8,77
16,laranja,3.9,137
20,laranja,3.9,121
10,laranja,4.2,125
1,laranja,4.3,149
6,limão,2.1,92
17,limão,2.1,92
12,limão,1.7,79
4,limão,2.2,73
15,limão,1.6,74
4,laranja,4.2,151
17,laranja,3.5,127
1,laranja,3.9,147
12,limão,2.1,92
17,limão,2.3,85
9,laranja,3.7,121
8,laranja,4,122
1,laranja,4,143
3,limão,1.7,70
5,laranja,4.3,125
19,limão,1.7,88
14,limão,2,70
18,limão,2,73
11,laranja,4.1,136
11,laranja,4.1,120
14,limão,2.2,76
7,laranja,3.8,137
14,laranja,3.5,124
2,laranja,4,144
18,laranja,4.1,145
3,limão,1.9,82
3,laranja,3.9,124
8,laranja,4,131
6,limão,2.1,77
19,limão,1.9,89
14,laranja,4,131
16,limão,2.2,87
19,limão,2.3,80
14,limão,1.8,89
16,limão,2.1,89
4,laranja,4.1,149
6,laranja,4.3,145
13,limão,1.8,70
10,limão,1.8,82
16,limão,1.7,80
13,laranja,3.8,137
19,limão,2.1,79
17,limão,2,91
9,limão,1.9,83
16,limão,2,76
15,laranja,3.8,135
20,laranja,3.9,147
19,limão,2,88
7,limão,2,79
13,limão,2.3,72
20,limão,2.1,91
7,laranja,4.1,136
20,laranja,4,131
5,limão,2.1,90
13,limão,1.8,71
11,limão,1.5,73
7,limão,1.8,74
6,laranja,4.2,128
17,laranja,4,124
13,laranja,3.7,138
2,limão,1.7,88
5,limão,1.7,92
16,limão,1.9,76
16,limão,1.9,71
16,limão,2.1,76
16,laranja,4.1,132
20,limão,2.3,85
13,limão,1.8,86
20,laranja,4.1,144
16,limão,1.5,71
12,limão,2.2,92
6,laranja,4.2,134
4,laranja,3.6,143
2,limão,1.8,79
20,laranja,3.8,140
9,laranja,3.5,122
19,laranja,3.6,141
18,limão,1.6,89
15,laranja,3.6,140
12,limão,2.2,86
13,limão,1.7,84
4,limão,2.3,74
19,laranja,3.6,125
1,laranja,4,121
1,laranja,4.2,131
3,limão,1.7,92
9,laranja,4.1,128
11,limão,1.6,71
16,laranja,3.7,129
16,laranja,3.6,125
9,limão,2.1,82
19,laranja,4.3,133
11,laranja,4.3,121
7,limão,2,73
13,laranja,4.2,121
2,limão,1.7,83
19,limão,2.1,80
11,laranja,4.3,148
10,limão,2,90
2,laranja,3.8,146
2,limão,2.2,89
18,limão,1.5,72
8,laranja,4.3,144
14,laranja,3.5,149
2,laranja,3.5,121
17,laranja,4.1,142
6,laranja,4.1,140
8,limão,2,81
2,limão,1.8,77
6,laranja,4.2,145
15,laranja,4.1,132
17,laranja,3.8,134
2,laranja,3.5,121
6,laranja,3.7,143
18,laranja,3.8,149
15,limão,2.2,76
12,limão,1.8,83
3,limão,2.1,83
2,limão,2.1,78
13,laranja,4.2,141
3,limão,2,84
8,laranja,4.1,134
18,limão,2.2,88
7,laranja,3.7,126
6,laranja,4.1,150
8,laranja,3.9,142
9,limão,1.5,74
15,limão,2.1,91
17,limão,1.8,90
17,laranja,3.7,122
20,limão,2.3,70
14,limão,1.5,86
16,laranja,4,120
17,limão,1.8,76
17,limão,1.8,71
18,laranja,3.9,149
16,limão,2,88
6,laranja,3.7,149
3,limão,2,83
4,limão,2.1,78
10,limão,2.1,82
20,laranja,3.9,139
11,limão,1.5,91
16,limão,1.7,80
1,limão,1.8,73
15,limão,2.2,92
12,laranja,3.9,132
15,laranja,3.8,127
5,limão,2.2,90
18,laranja,4.2,134
20,laranja,3.8,142
6,limão,1.6,76
5,laranja,3.8,142
6,limão,1.5,80
11,limão,1.8,83
6,limão,1.5,89
1,laranja,4,124
9,limão,2.1,87
13,laranja,3.9,124
18,laranja,4.3,126
15,limão,1.5,78
17,laranja,4,134
10,limão,1.9,87
13,limão,1.5,89
1,laranja,4.3,132
11,limão,2.3,84
16,laranja,4.3,129
8,limão,2.3,86
9,limão,1.8,85
12,limão,1.6,72
1,laranja,3.6,124
5,laranja,3.7,150
13,laranja,3.5,138
12,laranja,4.1,145
18,laranja,3.9,147
8,laranja,4,145
9,limão,1.7,90
5,laranja,4,137
11,limão,1.7,85
13,limão,2.3,73
9,limão,2.1,86
12,limão,1.9,87
3,laranja,3.6,120
19,laranja,3.9,131
7,limão,2.1,84
16,limão,2,75
19,laranja,3.7,142
19,limão,2.1,85
15,laranja,3.8,151
1,limão,2.2,75
9,laranja,4.2,120
7,laranja,4.2,148
4,laranja,3.8,132
13,limão,1.7,74
9,limão,1.9,85
3,laranja,4,137
14,limão,1.7,73
16,limão,1.6,79
14,limão,1.5,86
2,laranja,3.7,132
12,laranja,3.5,135
9,limão,2,77
15,limão,1.7,79
9,limão,2.3,87
4,limão,1.8,84
20,laranja,3.5,139
5,laranja,4.3,142
20,laranja,3.7,127
5,laranja,3.9,132
5,laranja,3.8,144
16,limão,2.2,92
20,laranja,3.5,131
19,limão,1.8,80
1,limão,2.3,82
16,laranja,3.8,127
7,laranja,3.9,121
8,laranja,3.7,147
8,limão,1.7,77
15,limão,1.9,81
14,laranja,4,151
17,limão,2,76
17,limão,2.2,79
12,laranja,4,148
7,limão,1.6,88
7,laranja,3.7,127
17,laranja,4.2,130
15,limão,1.9,83
2,limão,1.5,87
16,limão,1.7,84
14,limão,2,78
13,limão,1.7,70
10,laranja,4.3,128
11,laranja,3.7,147
13,limão,2.2,73
5,limão,2,91
17,limão,1.8,89
18,laranja,3.5,139
20,laranja,4.3,131
17,laranja,4.1,127
5,limão,2,84
7,limão,1.8,90
19,limão,2.2,84
19,limão,1.6,72
20,laranja,4.2,143
10,limão,1.7,75
9,laranja,4.1,147
11,laranja,3.5,150
13,laranja,3.9,142
10,limão,1.6,79
2,laranja,3.6,131
6,limão,1.8,76
1,limão,1.6,78
4,laranja,3.7,148
15,limão,2.1,74
11,limão,1.5,72
14,laranja,3.9,133
14,limão,2,89
19,laranja,4.1,150
17,laranja,3.9,144
19,limão,1.7,73
3,laranja,3.8,141
4,limão,1.9,88
3,limão,1.5,89
8,limão,1.6,89
6,laranja,3.5,145
1,laranja,4.3,137
16,limão,2.1,89
3,laranja,4,137
10,laranja,3.7,146
20,laranja,4,139
6,laranja,3.6,144
8,laranja,3.5,124
2,limão,1.8,72
15,limão,2.2,89
19,laranja,3.9,128
5,limão,2.1,86
20,laranja,4.2,122
2,limão,1.9,78
18,laranja,3.7,150
3,limão,2,91
6,laranja,3.6,151
13,laranja,3.8,133
14,laranja,3.8,123
14,limão,2.3,81
12,limão,1.9,84
8,laranja,3.7,133
5,limão,2.1,91
17,limão,1.9,80
20,laranja,3.7,137
8,limão,1.9,83
13,limão,2.2,92
20,limão,1.7,87
1,laranja,4.3,136
5,laranja,3.7,122
18,laranja,4.2,142
15,limão,1.6,87
19,limão,1.5,74
7,limão,1.7,87
19,laranja,4,128
2,laranja,3.7,133
2,limão,2.1,90
5,laranja,3.5,129
16,limão,2.3,85
14,limão,1.7,87
6,laranja,4.2,120
6,limão,1.6,78
18,laranja,3.9,129
15,laranja,3.6,145
18,laranja,3.5,150
14,laranja,4.2,143
9,limão,1.5,80
19,laranja,4.3,136
1,limão,2.3,88
4,laranja,4.3,135
19,laranja,3.7,139
6,laranja,3.6,125
16,limão,1.8,72
13,limão,1.8,71
2,laranja,3.6,123
2,limão,1.5,74
12,laranja,4.3,143
6,laranja,4.2,125
7,laranja,3.9,131
3,limão,1.7,84
11,limão,1.8,74
14,laranja,4.3,135
19,laranja,3.9,130
17,limão,1.6,73
19,laranja,3.9,149
11,laranja,4.3,138
7,limão,1.9,71
14,laranja,3.8,127
7,laranja,4,150
6,laranja,3.5,127
12,limão,1.6,84
1,laranja,4.1,139
10,limão,2.1,79
20,limão,1.9,70
10,laranja,3.7,141
11,limão,2.1,72
14,limão,1.6,75
8,laranja,4.3,126
11,limão,2.3,70
10,limão,1.5,71
9,limão,1.9,81
13,laranja,3.5,139
13,laranja,3.9,140
14,limão,2.3,82
16,laranja,3.8,148
3,laranja,3.5,123
14,limão,2.2,81
7,limão,1.9,91
9,limão,1.6,81
19,laranja,3.6,149
10,laranja,3.6,137
20,laranja,4.3,149
3,limão,1.9,87
20,laranja,3.8,131
10,laranja,3.9,128
10,limão,1.5,83
2,limão,1.7,81
15,laranja,3.6,150
13,laranja,4.3,146
6,limão,2,80
19,limão,1.7,71
6,limão,1.6,85
1,laranja,4.1,147
6,laranja,3.6,144
11,limão,2,79
14,limão,2,78
4,laranja,4.2,149
3,laranja,3.9,147
2,laranja,4.3,133
10,laranja,4.1,131
15,limão,2.3,76
16,laranja,3.8,123
4,limão,2.1,92
15,laranja,3.7,123
5,limão,1.7,80
11,limão,2.1,89
20,laranja,4.3,132
11,limão,1.6,89
7,limão,1.7,89
1,limão,1.6,80
2,laranja,4,139
11,laranja,3.7,128
11,limão,2.2,92
7,limão,2.2,89
7,limão,1.9,71
4,laranja,4.2,140
12,laranja,3.6,122
18,limão,2.2,79
7,laranja,4.3,139
2,limão,1.9,89
7,laranja,4,122
16,laranja,3.6,143
4,limão,1.6,78
10,laranja,4,124
8,laranja,3.6,139
15,laranja,4.2,135
14,limão,1.6,71
7,limão,2.2,76
20,limão,1.6,92
9,laranja,3.7,142
4,laranja,3.7,143
2,laranja,4,150
17,laranja,3.5,136
18,limão,2.1,89
13,laranja,4.3,139
17,limão,2.3,76
5,limão,1.8,90
11,laranja,4.3,125
1,laranja,3.9,126
2,limão,1.8,83
1,laranja,3.8,120
4,laranja,3.6,138
14,laranja,3.8,127
9,limão,1.6,70
15,limão,2.2,77
1,limão,1.5,84
4,limão,2.1,89
14,limão,1.6,86
17,limão,1.9,83
10,laranja,4.1,145
1,laranja,4.3,138
20,laranja,4.2,150
13,limão,2.2,75
4,limão,1.7,70
18,laranja,3.7,135
16,limão,2.1,79
3,laranja,3.7,140
1,limão,2,81
19,limão,2.1,88
16,laranja,3.7,123
10,laranja,4,150
13,laranja,4.1,133
16,laranja,3.7,149
8,limão,1.6,76
15,laranja,4.2,137
17,laranja,3.9,143
6,laranja,3.6,138
1,laranja,3.9,142
1,limão,1.5,77
13,limão,1.9,89
18,laranja,4,126
4,laranja,3.9,126
11,laranja,4.2,139
20,laranja,3.5,127
17,limão,2.2,83
18,limão,1.6,85
19,laranja,3.9,123
18,limão,1.8,87
5,limão,1.9,82
9,limão,1.6,71
10,limão,1.9,70
4,laranja,4.2,146
17,limão,1.7,91
19,laranja,3.7,151
14,laranja,4.3,146
11,limão,2.2,89
9,laranja,4.1,120
7,limão,2.2,83
9,limão,1.5,83
8,limão,1.7,90
4,limão,1.7,74
8,laranja,3.7,145
4,laranja,4.2,148
12,laranja,4.2,132
19,laranja,3.7,135
17,limão,1.6,70
5,limão,1.9,88
6,laranja,3.6,120
12,limão,2.1,87
9,limão,2.3,72
8,laranja,4.3,135
13,limão,1.6,84
15,limão,2.2,80
13,limão,1.5,82
1,laranja,3.7,127
3,laranja,4,126
15,laranja,3.8,130
14,laranja,4.1,143
3,laranja,3.9,120
9,laranja,4.3,140
14,limão,2.2,89
4,laranja,3.5,135
13,laranja,4.3,123
16,laranja,4.1,135
2,limão,1.8,90
16,laranja,3.7,150
16,laranja,3.7,146
10,limão,1.5,79
8,limão,2.1,83
2,laranja,4.1,120
15,limão,1.5,87
7,limão,1.9,89
7,laranja,4.3,147
8,limão,2.3,70
11,laranja,4.3,125
4,limão,1.5,77
4,limão,2.2,86
6,laranja,4.1,140
4,laranja,3.7,128
19,limão,2.1,76
3,laranja,4,147
18,limão,1.5,86
3,laranja,4,127
2,limão,1.6,88
3,limão,1.5,74
10,laranja,3.8,121
14,laranja,3.7,126
4,laranja,4.2,130
1,laranja,4,140
12,limão,1.5,75
20,laranja,4.1,140
8,limão,1.6,88
13,laranja,4.2,120
19,limão,2.3,78
6,laranja,4.3,129
15,laranja,3.8,127
3,limão,1.6,79
4,laranja,3.5,132
17,limão,2.2,85
8,laranja,4,143
18,laranja,4,144
20,limão,1.5,91
9,laranja,3.8,128
2,limão,2.2,84
17,laranja,3.6,140
17,limão,2.2,92
7,limão,1.8,78
2,laranja,3.9,127
3,limão,1.7,87
4,laranja,3.6,135
13,limão,1.8,78
2,limão,2.3,90
18,limão,2,90
3,laranja,4,123
2,limão,2.3,90
13,laranja,4,150
11,limão,1.6,89
9,limão,1.9,72
7,limão,2.2,86
17,laranja,3.8,144
3,laranja,4.3,138
18,laranja,3.9,132
17,laranja,3.6,126
19,laranja,3.9,123
6,limão,1.9,75
2,laranja,4.3,133
2,limão,2.1,85
20,limão,1.9,84
3,laranja,3.5,121
15,laranja,3.9,134
3,limão,1.8,89
9,laranja,3.9,138
7,limão,2,72
16,limão,2.1,74
5,limão,2.3,73
3,laranja,3.5,149
17,laranja,4.1,139
12,laranja,3.9,121
6,limão,1.9,82
9,laranja,3.6,134
14,laranja,3.7,121
18,limão,1.5,79
2,laranja,3.8,125
2,laranja,4.3,144
10,limão,1.9,83
11,laranja,4.3,140
6,laranja,3.8,138
13,limão,1.7,71
10,laranja,4.3,142
17,limão,2,91
8,limão,2,76
18,limão,2.2,89
7,limão,1.7,86
2,limão,1.5,80
7,limão,1.5,86
20,laranja,4.2,149
6,limão,1.8,70
14,laranja,3.7,135
2,limão,2.2,87
4,laranja,3.5,130
14,laranja,3.6,132
3,laranja,3.7,121
4,limão,1.5,74
7,laranja,4.1,143
15,limão,1.7,72
15,laranja,3.9,139
14,limão,2.1,81
12,limão,1.8,82
15,limão,2.1,72
12,limão,2,75
3,limão,2.2,82
7,limão,1.7,91
4,limão,2.3,90
7,limão,2.2,80
18,limão,2,73
15,laranja,3.6,135
13,laranja,3.6,151
4,limão,1.9,82
8,laranja,3.5,125
2,limão,1.6,76
4,laranja,3.8,130
17,limão,2.1,76
7,laranja,3.5,132
3,laranja,4.3,150
15,limão,1.7,73
19,limão,2,73
4,laranja,3.8,129
13,laranja,3.9,146
13,limão,2.1,77
10,limão,2.1,71
14,limão,1.6,91
18,limão,2.1,91
7,laranja,3.8,145
2,limão,2.1,90
20,laranja,3.7,132
19,limão,1.8,86
15,laranja,4.1,133
1,laranja,3.6,151
6,limão,2.1,90
8,limão,1.5,82
19,limão,1.8,83
13,limão,1.7,78
20,laranja,3.7,129
17,laranja,4.1,140
14,limão,1.9,82
15,laranja,3.9,140
17,laranja,3.8,147
8,limão,2,71
18,limão,1.6,87
14,laranja,4,132
18,limão,1.5,77
1,limão,1.5,81
1,limão,1.9,75
14,laranja,3.9,121
19,laranja,3.6,126
10,limão,2.2,73
16,laranja,3.8,127
17,laranja,3.5,125
19,limão,2.1,85
18,limão,1.6,86
12,laranja,3.8,131
1,limão,1.5,76
17,limão,1.6,80
15,laranja,3.8,130
20,limão,2.3,70
18,limão,2.3,74
5,limão,2,76
2,limão,1.8,80
5,laranja,4,150
8,limão,1.9,85
15,laranja,4.2,127
16,laranja,4,141
2,limão,2.2,73
16,limão,2,92
16,limão,1.6,84
1,limão,2,89
10,limão,1.7,87
3,limão,2,84
13,laranja,4.3,138
20,limão,1.7,73
20,limão,1.6,87
18,limão,1.6,74
9,limão,2.3,87
4,laranja,4.3,150
4,laranja,3.8,121
19,laranja,3.5,132
2,limão,2,75
8,limão,1.8,84
10,limão,1.9,88
2,laranja,4.2,149
19,laranja,3.7,123
3,laranja,3.8,139
16,laranja,3.8,147
10,laranja,3.7,125
9,limão,2.3,79
13,limão,1.8,79
5,laranja,4.1,142
2,limão,1.6,83
2,limão,2.3,87
5,limão,2.2,90
20,laranja,3.7,142
20,laranja,4.2,151
11,laranja,3.8,125
15,laranja,4.3,151
8,limão,1.6,72
11,laranja,4.1,126
12,laranja,3.8,135
2,laranja,3.6,147
14,limão,1.8,83
18,limão,2.3,84
11,limão,2.2,84
4,limão,1.9,73
13,limão,2,85
8,limão,2.2,79
9,laranja,4,151
16,limão,1.7,82
15,laranja,4.2,122
18,limão,2,73
13,limão,1.6,89
15,laranja,4.2,143
14,limão,1.8,92
17,laranja,4.1,146
19,laranja,4.2,132
13,laranja,4.2,124
16,limão,1.6,76
13,limão,2.2,83
11,limão,2.2,86
7,limão,1.7,74
3,limão,1.8,79
20,laranja,4,139
17,laranja,3.7,130
7,laranja,3.5,147
7,laranja,3.7,142
5,laranja,4,128
11,laranja,3.5,135
2,laranja,4.1,137
17,laranja,4.2,127
7,limão,2.3,90
17,limão,2.1,90
6,limão,2.1,84
15,laranja,4.1,147
9,laranja,4,122
12,laranja,3.6,125
6,limão,1.6,72
5,laranja,4.1,122
17,laranja,3.8,127
1,limão,1.7,81
9,limão,2.1,90
5,laranja,4.3,137
9,limão,1.9,71
19,laranja,3.6,128
6,laranja,3.8,135
14,laranja,3.6,123
3,laranja,4.2,120
18,laranja,3.8,146
16,laranja,3.7,134
17,laranja,3.5,135
15,laranja,4.3,142
4,limão,2,83
1,limão,2.3,90
14,laranja,4.3,140
3,laranja,4.3,123
2,laranja,3.7,142
1,laranja,4,145
8,limão,2.1,85
11,laranja,4.2,149
15,limão,2.2,85
20,limão,1.5,82
12,limão,2.1,91
11,laranja,3.6,140
18,laranja,4.2,130
13,limão,2,82
3,laranja,3.8,145
7,laranja,3.6,145
2,laranja,4,146
16,limão,1.9,78
18,limão,2,89
11,limão,1.7,82
3,limão,2,85
16,laranja,3.5,121
5,laranja,3.8,133
12,limão,2.1,84
20,limão,2.2,71
4,laranja,3.5,130
13,laranja,4.2,140
8,limão,2.1,86
4,limão,1.8,73
17,limão,2.2,75
7,limão,1.5,76
14,limão,1.9,90
7,laranja,3.9,123
2,limão,1.9,84
11,limão,1.7,87
5,laranja,3.7,124
9,laranja,3.8,133
9,limão,2.1,86
7,laranja,3.9,135
5,laranja,3.8,125
1,laranja,4,125
12,limão,2.2,82
11,limão,1.7,82
10,limão,2,91
17,limão,1.8,70
14,laranja,3.8,123
1,laranja,3.6,138
6,limão,1.9,74
4,limão,1.8,79
4,limão,1.8,73
1,limão,1.8,92
16,laranja,4,126
12,limão,1.8,76
2,limão,2.1,70
9,limão,1.5,71
10,limão,2.2,90
2,laranja,3.8,151
6,laranja,3.8,140
8,limão,2.1,78
10,limão,1.7,86
18,laranja,3.7,149
4,laranja,4.1,129
9,limão,1.9,92
10,laranja,3.5,149
3,limão,2,86
8,laranja,3.7,134
9,limão,1.6,92
20,limão,1.9,91
12,laranja,4.1,126
15,limão,2.2,82
8,limão,1.5,75
4,limão,1.5,85
19,limão,2.3,88
18,laranja,3.9,132
8,limão,1.7,71
15,laranja,4.1,126
14,laranja,4.1,143
19,limão,1.7,71
2,limão,1.5,80
13,limão,2.1,73
20,laranja,3.9,126
10,laranja,4,125
17,limão,2.2,72
19,limão,1.6,81
13,limão,1.8,80
20,limão,2.2,92
9,laranja,4.1,132
12,laranja,3.7,129
15,limão,2.1,74
6,laranja,3.6,149
5,limão,2.1,84
8,limão,1.5,82
16,limão,1.9,83
18,limão,1.7,72
20,limão,2,87
18,limão,1.6,82
4,limão,1.7,70
15,laranja,4.3,144
16,limão,2,81
8,laranja,4.2,122
2,laranja,4,132
4,limão,2,90
5,laranja,3.7,139
20,laranja,4.1,147
20,laranja,3.6,127
4,limão,1.7,76
7,laranja,3.6,134
19,limão,2.2,79
4,limão,1.5,83
18,laranja,3.7,150
2,laranja,3.7,132
13,laranja,3.6,140
20,laranja,3.5,137
12,limão,2,83
2,laranja,3.7,126
11,limão,1.7,88
17,laranja,4,121
1,laranja,3.7,140
17,limão,2.2,90
20,laranja,3.5,149
8,limão,2,79
15,limão,1.6,76
13,limão,2,83
5,limão,1.5,92
14,limão,2.1,77
8,laranja,3.8,128
12,laranja,3.6,122
11,limão,1.9,81
16,limão,2.2,84
19,laranja,4.3,144
4,laranja,3.5,143
17,limão,2,71
19,limão,1.6,84
6,laranja,3.8,137
16,laranja,3.8,143
20,limão,2.3,89
15,limão,1.8,87
13,limão,1.8,77
3,laranja,3.9,121
8,laranja,3.5,141
13,laranja,4,129
14,limão,2.1,92
20,laranja,4,131
5,limão,1.6,88
14,laranja,3.7,135
18,limão,1.5,77
2,laranja,3.9,136
4,limão,1.7,86
7,laranja,4,137
19,laranja,4.2,143
3,limão,1.6,83
10,limão,1.9,76
6,limão,2,83
17,laranja,3.8,123
8,limão,1.8,83
4,laranja,4,136
3,laranja,3.7,142
5,limão,1.5,87
13,laranja,3.7,151
8,limão,1.8,92
2,limão,1.6,81
16,laranja,3.9,149
10,limão,2.2,73
18,laranja,3.7,136
12,limão,1.6,91
18,laranja,4,126
10,limão,2.3,70
18,limão,2.2,92
20,limão,1.8,92
2,laranja,4,130
3,limão,1.7,75
2,laranja,4.1,149
20,limão,2,75
18,laranja,3.6,140
10,laranja,4,123
1,laranja,3.7,128
9,limão,1.9,91
11,limão,2,91
7,limão,2.3,87
4,limão,1.9,87
17,limão,2.1,88
8,limão,1.5,80
14,limão,2.1,87
15,limão,1.7,72
2,limão,1.7,75
11,limão,2.2,73
8,limão,2,79
15,laranja,4,123
12,limão,1.9,78
3,laranja,4.3,138
4,laranja,4.1,134
15,laranja,3.6,129
16,laranja,3.7,121
15,laranja,3.8,136
3,limão,2.2,89
11,laranja,3.8,148
8,laranja,3.7,125
6,laranja,3.8,125
13,limão,2,91
5,limão,2.3,76
7,limão,2.2,85
19,limão,1.6,91
2,limão,1.7,71
19,laranja,3.7,127
9,limão,1.7,92
14,limão,2.3,73
11,laranja,4.3,150
6,laranja,3.9,125
2,laranja,3.7,127
7,laranja,3.5,128
16,laranja,4.3,133
17,limão,1.8,89
8,limão,1.6,92
11,laranja,3.9,124
2,limão,1.6,90
11,laranja,3.8,146
14,limão,1.8,91
20,laranja,4.3,129
7,limão,2,71
11,laranja,3.6,144
16,limão,1.6,87
9,limão,1.5,81
8,limão,2,76
9,laranja,4,137
14,limão,1.7,74
7,limão,1.7,90
19,laranja,3.7,121
6,limão,1.8,92
9,laranja,4.1,124
18,laranja,4.3,143
11,laranja,4.2,123
8,laranja,3.7,122
7,laranja,3.6,120
17,laranja,4.2,127
18,laranja,3.6,126
9,limão,1.6,81
11,laranja,3.7,123
20,limão,1.5,74
10,limão,1.6,72
4,limão,2.3,71
6,laranja,3.5,146
6,limão,1.7,83
1,limão,2.2,81
8,laranja,3.9,129
4,limão,1.9,79
7,laranja,4.3,134
16,limão,1.9,81
6,laranja,3.6,122
7,limão,2.3,76
1,laranja,3.6,131
3,limão,2.1,78
1,laranja,3.8,129
6,limão,1.6,75
3,limão,1.8,70
15,limão,2.3,85
16,limão,1.8,80
17,laranja,4.3,123
19,limão,1.5,80
9,limão,1.8,76
2,limão,2.3,87
11,laranja,4.3,121
17,limão,1.8,84
12,laranja,3.8,129
11,laranja,3.6,135
15,limão,1.7,78
16,laranja,4.2,133
8,limão,2,75
12,limão,2.2,75
16,limão,2.1,76
11,laranja,3.7,139
10,limão,1.5,70
20,laranja,4.1,144
10,limão,2,90
18,limão,1.6,77
6,limão,2.2,90
4,limão,1.5,83
18,limão,2,73
3,laranja,4.2,125
2,laranja,3.7,148
9,laranja,4.3,137
6,limão,2.2,78
6,limão,1.5,92
19,limão,1.6,83
20,laranja,3.7,125
1,limão,2.2,79
20,limão,2.1,87
17,limão,1.8,82
17,laranja,3.7,151
4,limão,1.8,75
17,limão,2.3,85
5,laranja,4.2,122
14,limão,2.1,84
16,limão,1.6,87
20,limão,1.5,80
20,laranja,4.3,151
16,limão,2.1,78
3,laranja,3.7,146
7,limão,2,89
8,laranja,4.3,121
13,laranja,4.2,131
9,laranja,3.5,123
19,laranja,3.5,140
8,laranja,3.8,131
17,laranja,4.3,139
15,limão,2.1,91
6,limão,2.2,92
9,limão,2.1,91
6,limão,1.6,85
7,laranja,4.1,147
18,laranja,3.5,139
2,limão,1.8,79
2,limão,1.6,72
7,limão,1.8,73
17,laranja,3.5,123
12,laranja,3.6,140
15,limão,2.3,79
18,laranja,4,139
12,limão,1.9,87
18,laranja,3.5,133
14,limão,1.5,85
3,laranja,4,145
1,limão,1.8,70
17,limão,1.8,87
11,limão,2.3,89
19,limão,2.2,92
18,laranja,4.3,137
20,limão,2.2,80
15,laranja,3.7,138
7,laranja,3.5,143
10,laranja,4.2,147
4,laranja,4.2,123
14,limão,2.1,74
6,laranja,4,149
14,limão,1.9,78
7,limão,2.3,89
19,laranja,4.3,144
8,laranja,3.8,133
20,limão,1.7,78
16,laranja,4.3,135
9,limão,1.5,85
5,laranja,4.1,139
17,laranja,3.6,129
8,limão,2.2,86
12,limão,1.5,75
7,limão,1.8,90
2,limão,1.9,79
20,limão,2.3,74
13,limão,2.1,86
6,limão,1.9,70
2,laranja,4.1,143
12,limão,1.9,85
2,laranja,4,135
5,limão,1.7,74
12,limão,2.1,81
7,limão,1.9,78
17,laranja,4.3,138
19,limão,2.2,84
14,laranja,4.2,126
4,laranja,4.3,151
1,limão,2.3,87
9,limão,1.7,83
17,limão,1.8,87
16,limão,2,71
13,limão,1.6,73
18,laranja,4.1,151
3,laranja,4.3,128
14,limão,2.1,85
8,laranja,4.2,127
19,limão,1.7,85
20,limão,2.3,87
3,limão,1.7,73
16,limão,1.7,80
1,limão,1.6,77
5,laranja,4.2,137
18,laranja,3.9,139
1,laranja,3.6,145
16,limão,1.8,76
11,laranja,3.6,128
3,laranja,3.8,136
16,limão,1.5,76
9,limão,1.8,82
3,laranja,3.5,147
18,laranja,3.9,127
3,laranja,3.9,136
20,laranja,3.6,143
19,limão,2,90
20,laranja,4.2,127
3,limão,1.7,85
17,limão,2.1,89
19,limão,1.7,85
7,limão,2,92
16,limão,1.9,72
20,limão,1.7,77
15,limão,2.3,83
9,laranja,3.7,122
3,limão,1.8,88
14,laranja,4.3,125
20,limão,2.3,71
10,limão,1.8,86
15,laranja,4.3,125
17,limão,2.3,83
13,limão,1.5,73
8,laranja,3.7,148
11,laranja,4.2,135
14,laranja,3.6,138
3,laranja,3.6,139
9,laranja,4.1,134
7,laranja,4,122
11,laranja,3.5,128
11,laranja,3.6,134
6,laranja,4.2,138
2,laranja,3.5,144
20,laranja,3.6,151
20,limão,1.9,88
16,laranja,3.7,137
14,limão,2.3,71
5,limão,2.1,70
6,limão,1.5,72
2,limão,2.1,81
11,limão,1.8,76
9,laranja,3.8,125
6,laranja,4.3,147
11,limão,2.1,70
5,limão,1.7,86
4,limão,2,91
2,limão,2.3,79
10,limão,1.5,76
15,limão,1.9,89
14,laranja,3.6,132
7,limão,2.3,74
17,laranja,3.5,126
12,laranja,3.8,123
5,laranja,4.3,125
20,limão,1.6,74
18,limão,1.8,80
18,limão,1.5,90
10,laranja,3.5,128
4,laranja,4.2,139
16,laranja,4.1,139
4,limão,1.7,87
3,limão,1.7,75
1,laranja,4.3,137
20,limão,2,70
9,laranja,3.5,146
13,limão,1.9,76
12,limão,1.6,71
2,limão,1.5,78
14,limão,2,72
4,laranja,4.3,133
4,limão,2.3,81
9,laranja,3.9,147
13,limão,1.8,80
10,limão,1.6,92
1,limão,2.3,80
8,laranja,3.6,127
16,limão,1.7,89
9,limão,1.8,78
3,limão,2.3,73
19,limão,1.8,82
14,limão,1.8,82
16,laranja,4.2,137
1,laranja,3.7,147
20,limão,1.7,84
13,limão,1.8,76
7,laranja,3.7,133
16,limão,2.1,87
16,laranja,3.9,146
6,laranja,3.9,134
2,limão,1.9,83
6,laranja,3.6,132
6,laranja,4.3,130
8,limão,1.7,83
5,limão,2.2,88
16,limão,2,83
6,laranja,3.7,140
5,laranja,4.1,139
18,laranja,4,142
17,laranja,3.8,139
8,limão,2.3,86
3,limão,2.1,85
9,limão,2.2,87
19,laranja,3.5,128
4,limão,1.7,72
1,limão,1.5,72
5,limão,2.1,77
20,limão,1.9,85
5,laranja,3.5,146
6,laranja,3.6,138
7,laranja,4.3,129
18,laranja,3.9,145
15,limão,2.3,71
4,limão,1.7,85
4,limão,1.5,87
4,limão,1.5,79
19,limão,1.5,78
17,limão,1.7,73
18,limão,2.3,79
16,limão,1.8,74
10,laranja,4,149
18,limão,2.3,92
12,limão,2,77
5,limão,1.9,88
20,laranja,4.1,133
2,laranja,3.8,145
19,limão,2.2,72
12,laranja,4.2,133
7,limão,1.7,91
10,limão,1.8,78
20,limão,2.3,83
10,limão,1.6,79
5,limão,2,74
1,laranja,3.9,127
10,laranja,3.9,145
10,limão,1.7,79
12,laranja,3.5,137
16,laranja,3.5,127
9,limão,2.3,88
10,limão,2.3,77
14,limão,1.6,79
8,laranja,3.6,143
1,limão,1.5,89
4,laranja,4.1,147
6,limão,1.5,90
8,limão,1.8,90
7,limão,2,76
8,limão,1.7,82
10,laranja,3.8,143
13,laranja,4,120
8,limão,1.8,89
17,limão,2.3,75
20,limão,2.2,91
5,limão,1.6,90
13,laranja,3.5,128
18,laranja,4.3,141
13,laranja,3.6,121
16,limão,1.9,71
3,limão,2.2,78
6,limão,1.5,85
4,laranja,3.5,139
4,laranja,4.1,141
9,laranja,4.3,126
6,laranja,4.2,134
8,limão,1.9,76
17,laranja,4.2,140
17,limão,2.2,72
1,limão,1.6,88
9,laranja,3.6,139
19,laranja,3.6,133
8,laranja,3.5,134
6,laranja,3.9,128
4,laranja,4.1,147
14,laranja,4.3,144
17,limão,2.3,77
4,laranja,3.7,137
11,limão,2.2,90
5,laranja,3.9,137
9,laranja,4.1,133
11,limão,1.6,76
20,limão,2.1,82
6,laranja,3.7,137
8,laranja,3.5,133
18,laranja,3.8,147
14,limão,1.9,79
6,laranja,3.7,143
9,limão,2.1,89
4,laranja,3.5,132
2,laranja,4.2,144
1,laranja,3.9,133
6,laranja,3.8,140
6,limão,1.9,72
2,laranja,4.3,148
13,laranja,4.1,151
4,limão,2.2,73
14,laranja,3.9,149
10,laranja,4,148
20,laranja,3.8,137
1,laranja,4,128
15,laranja,3.8,131
5,laranja,3.6,133
10,laranja,4.2,141
2,laranja,4,121
10,limão,2,91
20,laranja,3.8,133
7,laranja,4.3,134
8,limão,1.8,70
17,limão,1.9,85
9,laranja,3.8,127
4,limão,2.1,73
7,laranja,4.2,133
5,laranja,3.6,133
6,laranja,3.7,120
7,limão,1.8,70
5,limão,1.8,70
19,laranja,4,122
1,laranja,3.6,140
17,limão,2.3,74
1,limão,1.6,80
5,limão,1.9,83
18,laranja,4.1,130
2,laranja,4,143
11,limão,1.5,86
4,limão,1.5,80
6,laranja,4.1,148
15,laranja,3.8,144
4,laranja,3.7,149
9,limão,1.7,90
6,limão,1.7,83
11,limão,1.6,75
16,laranja,4.3,127
17,limão,1.6,81
6,limão,1.5,73
12,laranja,4.1,150
7,limão,1.7,80
13,limão,1.9,87
16,limão,1.5,85
1,limão,1.7,70
18,limão,2,88
9,laranja,3.8,135
4,limão,2.3,83
2,laranja,4.1,128
5,limão,2.3,78
9,limão,2.1,74
12,laranja,3.8,124
14,laranja,3.8,147
19,laranja,3.8,122
9,limão,1.8,81
6,laranja,3.7,150
6,limão,2,71
15,limão,1.7,72
15,laranja,4.1,148
7,limão,2.3,84
2,laranja,4,149
17,limão,2,75
20,limão,2.3,76
4,laranja,4.1,145
1,limão,1.9,76
7,limão,2.3,92
5,laranja,3.5,142
2,limão,1.9,86
11,laranja,3.9,131
13,laranja,3.7,150
17,limão,1.6,84
4,laranja,3.8,125
18,laranja,3.6,141
11,limão,2.3,83
20,limão,2.2,91
11,limão,1.9,81
15,laranja,3.9,131
13,laranja,4.2,138
15,laranja,4.3,124
15,limão,2.3,73
5,laranja,3.8,137
9,limão,1.5,75
9,limão,2.2,83
7,laranja,4,125
7,laranja,4.2,127
3,laranja,4.1,126
1,limão,1.7,78
1,limão,1.9,88
14,laranja,4.2,148
3,laranja,4,137
3,limão,1.8,83
5,laranja,4.1,121
3,laranja,3.9,147
12,laranja,4,133
6,limão,1.9,82
4,laranja,4.2,144
13,limão,2.1,72
12,limão,2,83
11,limão,1.6,86
17,limão,2.3,70
6,laranja,4.3,133
15,laranja,3.6,150
9,limão,1.7,82
16,laranja,4.1,141
7,limão,2.1,79
10,limão,1.8,85
20,limão,2.3,90
17,laranja,3.6,141
2,laranja,4,121
5,limão,1.5,71
6,limão,1.8,85
3,laranja,3.9,126
1,laranja,3.6,140
12,laranja,4.3,133
19,laranja,4,129
10,laranja,4.3,148
8,laranja,3.7,130
16,limão,1.5,78
5,limão,1.9,76
2,laranja,3.6,126
17,laranja,4.1,127
2,laranja,3.7,144
14,laranja,3.5,121
14,limão,1.5,87
16,laranja,3.8,144
13,limão,1.7,78
12,limão,2.2,71
1,limão,1.6,81
15,limão,1.5,73
8,limão,1.6,84
20,limão,1.6,78
3,laranja,4.2,148
18,limão,2.1,79
1,limão,2.1,73
18,limão,1.7,85
1,limão,2.3,78
10,laranja,3.5,133
20,limão,1.9,88
15,limão,1.9,72
11,laranja,4.1,121
16,laranja,4,136
5,laranja,4.2,141
20,laranja,4.3,125
18,laranja,3.9,151
9,laranja,4.1,138
8,limão,1.6,78
6,limão,1.6,76
8,limão,2.3,72
7,limão,1.5,84
3,limão,2.3,77
13,laranja,4.2,138
4,limão,1.8,78
17,limão,2.1,86
15,laranja,3.6,147
11,laranja,3.7,125
14,laranja,4,126
10,limão,1.5,90
15,laranja,4.1,142
8,limão,2.2,71
11,laranja,3.8,125
11,limão,1.7,77
17,limão,2.1,83
2,laranja,4.2,138
7,laranja,3.8,150
7,limão,1.5,76
19,limão,1.5,89
2,limão,2.3,81
13,laranja,4.3,148
10,laranja,3.7,133
9,limão,1.7,78
12,limão,1.6,80
13,laranja,3.9,131
13,laranja,3.7,127
10,limão,1.6,73
12,limão,2.2,83
20,laranja,3.5,139
15,laranja,4,143
9,limão,2.1,85
13,laranja,3.5,126
6,laranja,3.8,142
17,laranja,4.3,142
3,limão,2.3,77
13,limão,1.9,74
14,laranja,3.7,132
8,limão,1.9,80
18,limão,1.6,80
16,limão,2.2,82
14,laranja,4,140
6,limão,1.9,73
18,laranja,4,134
10,laranja,3.6,148
11,laranja,4.3,132
5,limão,1.9,71
11,laranja,4,139
19,laranja,3.6,130
8,limão,2.1,77
8,limão,2,88
16,limão,1.7,72
6,limão,1.7,83
3,laranja,3.8,149
14,laranja,4,124
17,laranja,4.2,130
5,laranja,3.5,137
11,limão,1.6,87
14,limão,2.1,90
6,limão,1.8,83
12,laranja,4.2,149
18,laranja,3.5,136
6,limão,2.3,90
12,laranja,3.8,148
8,laranja,4.3,132
2,laranja,4.2,144
3,laranja,3.8,131
16,limão,2.3,82
9,laranja,4,139
7,limão,2.1,77
19,limão,1.5,90
7,limão,2.2,80
16,limão,2,78
9,laranja,4.3,124
15,limão,1.5,83
3,laranja,3.6,146
7,limão,1.7,85
15,limão,1.5,70
17,laranja,4.1,129
7,laranja,4.2,136
17,laranja,3.8,135
8,limão,1.9,72
18,laranja,3.7,124
12,laranja,4.2,149
11,limão,1.6,83
14,laranja,3.9,144
18,laranja,3.7,137
1,laranja,4.2,120
4,limão,2.3,88
5,laranja,4.2,137
4,limão,1.5,81
4,laranja,3.6,144
12,limão,2,92
7,limão,2,88
10,limão,2.3,87
16,laranja,3.6,138
5,laranja,3.6,131
16,limão,1.8,79
12,limão,1.5,91
7,limão,2.1,87
19,laranja,4.1,130
8,laranja,4.2,130
3,laranja,3.6,129
9,limão,2,76
16,laranja,4.1,130
7,laranja,4.2,121
7,limão,2,84
9,limão,2.3,85
14,laranja,3.6,126
3,limão,2.3,85
16,laranja,3.9,137
10,limão,2,79
8,laranja,4.3,139
17,laranja,3.6,123
18,laranja,4.1,144
14,laranja,3.7,124
18,limão,1.6,73
18,limão,2.3,71
5,limão,2.2,71
14,limão,1.5,72
2,laranja,3.6,138
11,limão,1.5,84
1,limão,2.1,72
17,limão,1.7,73
1,laranja,3.8,128
8,limão,1.6,75
13,laranja,3.8,132
10,laranja,3.6,125
2,laranja,3.6,139
14,limão,1.5,72
3,laranja,4.2,134
18,limão,2.3,79
12,limão,2.2,79
20,limão,1.9,82
5,limão,2.2,92
18,limão,1.5,89
18,laranja,4,120
7,limão,2,82
12,limão,1.5,87
19,limão,1.5,83
14,limão,2.2,87
8,limão,2.1,74
1,laranja,3.7,134
2,laranja,3.9,129
19,limão,1.9,79
17,laranja,4,141
4,limão,2.2,70
20,laranja,4.3,146
6,limão,1.9,85
7,limão,1.7,92
8,limão,1.5,90
5,limão,1.9,78
12,limão,2,78
7,laranja,4.1,124
20,limão,1.8,71
8,limão,2.2,83
10,laranja,4.3,146
15,limão,1.7,79
5,laranja,4.3,137
14,limão,2.1,89
1,limão,1.8,78
17,limão,2.3,81
3,limão,2,72
20,laranja,3.5,129
7,limão,1.8,77
2,limão,2,86
7,laranja,4.3,125
12,laranja,3.5,146
16,laranja,3.6,145
20,laranja,4.2,135
14,limão,1.6,75
3,limão,2.2,78
17,limão,2.2,83
17,laranja,4,144
18,limão,2,92
8,laranja,4,126
1,laranja,4.2,121
4,limão,1.9,87
10,limão,1.9,80
17,laranja,3.6,137
6,limão,1.7,74
14,limão,1.6,76
8,laranja,3.8,132
19,laranja,4.1,142
11,laranja,3.8,123
4,limão,2.1,83
16,limão,2.1,87
1,laranja,4.1,123
6,laranja,3.9,140
12,limão,1.7,87
10,limão,1.6,84
20,limão,1.9,91
3,laranja,3.7,122
2,laranja,3.5,148
4,limão,1.8,70
12,laranja,4,141
9,limão,2.3,77
20,limão,1.9,92
8,laranja,3.5,142
3,limão,1.9,79
10,limão,2.3,73
16,laranja,4.1,144
12,laranja,3.8,132
1,limão,1.7,92
12,laranja,4,129
13,limão,2,84
14,limão,2.3,90
16,laranja,3.9,141
15,limão,1.7,87
9,laranja,4,122
4,laranja,3.7,148
18,laranja,3.5,140
2,limão,2,91
7,limão,1.6,76
17,limão,1.8,90
4,laranja,4,151
1,limão,2.2,77
16,laranja,3.9,121
5,limão,2.2,90
4,limão,2.3,91
16,laranja,3.9,132
15,limão,2,89
7,limão,1.8,76
3,limão,2,72
11,laranja,4.3,145
7,laranja,3.9,135
5,limão,2.1,78
16,limão,1.6,76
12,limão,2.2,88
15,laranja,3.5,121
10,limão,1.7,75
10,limão,2.3,88
8,limão,2.2,75
19,limão,2.3,83
17,limão,2.2,91
11,laranja,3.6,147
4,laranja,4,143
17,limão,1.9,87
13,limão,2.3,77
18,laranja,3.9,146
8,laranja,3.9,133
16,laranja,4.1,123
8,limão,2.3,76
3,laranja,4.2,148
17,laranja,4.2,145
14,laranja,4,122
10,limão,1.6,84
20,laranja,3.9,131
2,limão,1.6,87
18,limão,2.3,89
9,laranja,3.5,138
12,laranja,4,133
16,limão,2.2,72
10,laranja,3.8,148
10,laranja,3.7,133
20,limão,1.9,86
3,limão,2.3,88
18,laranja,3.9,125
2,limão,1.6,91
16,limão,2.1,89
12,limão,2.2,87
12,laranja,3.6,142
20,limão,2.3,74
11,laranja,3.8,147
7,limão,1.5,80
20,limão,1.6,73
13,limão,1.6,85
20,laranja,4.2,143
12,laranja,3.5,137
9,laranja,4.2,144
2,limão,2.1,78
20,limão,1.8,85
11,limão,2,75
1,laranja,4.3,120
9,limão,2,81
16,laranja,3.9,143
2,laranja,3.9,127
1,limão,2.1,89
17,limão,1.7,85
8,laranja,4.1,135
1,limão,1.6,87
13,laranja,4.3,134
4,laranja,4.2,126
13,laranja,3.9,150
19,limão,1.7,88
7,limão,1.7,84
13,laranja,3.5,137
8,laranja,4,136
1,limão,2.1,71
8,limão,1.5,87
17,limão,1.5,76
5,limão,2.1,88
6,laranja,3.6,141
16,laranja,3.8,135
11,laranja,4.3,151
11,laranja,3.6,150
9,limão,2,88
5,laranja,3.9,129
9,laranja,3.7,136
19,laranja,4,145
17,limão,2.1,82
14,limão,2,82
18,laranja,3.9,145
11,laranja,4.1,133
1,limão,2.1,73
4,limão,1.6,73
11,laranja,4,148
3,limão,1.8,92
14,limão,1.7,81
17,laranja,3.5,139
4,limão,1.6,74
3,laranja,4.2,132
2,laranja,3.7,131
5,limão,1.5,81
17,limão,1.7,92
15,limão,1.9,72
12,laranja,3.5,132
13,limão,2.3,78
12,limão,1.9,87
2,limão,1.9,76
16,limão,1.5,81
12,limão,1.5,84
15,laranja,3.6,131
14,limão,1.9,91
2,laranja,4,151
17,limão,1.9,84
11,limão,2.1,91
19,limão,2.1,76
5,laranja,3.9,144
17,laranja,3.9,126
10,limão,1.7,79
13,laranja,3.9,131
9,limão,2.3,92
1,limão,1.5,73
11,laranja,4.3,124
10,laranja,4,121
11,laranja,4.3,140
9,limão,1.5,73
18,limão,1.5,92
13,laranja,3.9,124
7,laranja,3.5,136
1,laranja,3.8,146
17,laranja,4.2,146
9,laranja,3.8,122
8,laranja,3.9,148
10,laranja,4.3,131
12,limão,2.1,91
7,laranja,3.9,151
7,limão,2,78
1,limão,1.7,90
19,limão,1.6,70
19,laranja,3.9,141
14,laranja,4.1,128
8,laranja,4.2,133
3,laranja,3.7,139
20,limão,2,88
11,limão,1.7,78
1,laranja,4.1,135
11,limão,2.1,86
4,laranja,3.8,132
15,limão,1.5,80
1,limão,2.1,78
19,laranja,3.6,132
10,laranja,4,149
16,limão,1.9,80
4,laranja,4.3,141
10,laranja,4.3,124
15,limão,2.2,92
3,limão,1.6,81
16,laranja,3.5,122
5,laranja,3.8,121
9,limão,1.7,83
13,laranja,3.7,128
11,laranja,4,120
11,laranja,4,125
20,limão,2.1,89
10,limão,1.8,70
5,limão,2,87
8,limão,1.5,86
17,limão,2.2,91
16,laranja,3.6,144
14,laranja,3.8,121
4,laranja,3.8,151
11,laranja,4,146
19,limão,2.2,85
1,limão,1.9,76
6,laranja,4.2,129
5,limão,1.7,71
1,laranja,4,148
5,limão,1.9,84
11,limão,2.3,91
3,laranja,3.6,130
19,laranja,4.1,123
9,laranja,4.2,151
18,limão,2,90
7,limão,1.5,74
10,laranja,3.8,148
14,limão,1.6,90
7,laranja,4.1,132
10,limão,1.5,88
13,laranja,4.1,136
4,laranja,3.8,131
12,laranja,3.8,141
17,limão,1.7,88
10,limão,1.9,79
10,limão,2.3,92
17,laranja,3.6,151
8,laranja,3.7,151
2,limão,2,71
3,limão,1.7,72
9,limão,1.5,84
19,laranja,3.8,146
6,laranja,3.7,135
16,laranja,3.7,126
2,laranja,4.2,132
2,laranja,4,123
3,laranja,3.6,127
8,limão,1.8,86
14,limão,2.1,90
8,laranja,4.2,144
18,laranja,4.2,124
11,laranja,3.8,143
12,limão,2.3,83
5,laranja,3.8,125
2,limão,1.5,85
7,limão,1.7,81
2,laranja,3.9,129
2,limão,2.1,78
8,laranja,4.3,147
9,laranja,4.2,136
1,laranja,3.8,137
5,limão,1.9,76
7,laranja,3.6,133
6,laranja,4,150
11,laranja,3.8,123
18,laranja,4.3,145
12,limão,1.6,76
9,laranja,4.3,127
14,laranja,4,150
4,limão,1.9,83
12,laranja,3.5,126
19,limão,1.8,90
4,laranja,3.5,131
16,laranja,4.2,149
5,laranja,3.8,127
14,laranja,3.7,127
1,limão,2,89
20,limão,2,91
16,laranja,3.5,134
2,laranja,4,148
14,limão,1.7,84
18,laranja,3.8,122
11,laranja,3.9,121
4,limão,2.2,86
13,limão,1.6,91
5,limão,1.9,88
6,laranja,3.7,132
2,laranja,4.2,145
3,laranja,3.6,144
12,laranja,4.2,143
20,limão,2,83
5,limão,2,80
11,limão,1.7,88
13,laranja,4.2,145
13,limão,1.7,70
1,laranja,3.5,134
4,limão,2,70
6,limão,2,75
3,limão,2.3,76
1,laranja,4.3,142
1,limão,2.2,70
14,limão,2,90
16,laranja,3.9,124
4,limão,1.9,80
15,limão,1.8,92
6,limão,1.5,71
19,limão,2.3,76
11,limão,2.3,79
2,laranja,3.7,148
17,limão,1.6,92
8,laranja,4.1,132
11,limão,1.9,91
17,laranja,3.7,126
11,limão,1.9,75
9,laranja,4.2,133
18,laranja,4.2,145
19,limão,2.3,88
9,limão,1.8,90
12,limão,1.6,82
8,limão,2,79
12,limão,1.6,71
12,limão,2.3,71
14,laranja,3.9,145
10,limão,1.8,92
1,laranja,4.2,148
15,laranja,4.2,143
3,limão,1.8,85
1,limão,2.1,92
8,limão,1.9,86
13,laranja,3.9,125
4,laranja,3.6,148
1,laranja,3.5,124
12,limão,2.1,87
2,laranja,4,129
4,limão,1.8,71
5,limão,1.9,80
16,limão,1.9,78
5,laranja,4.2,126
19,laranja,4.3,127
16,limão,1.6,74
5,laranja,3.9,148
4,laranja,3.6,126
18,limão,1.9,77
3,laranja,3.7,123
12,limão,1.8,85
17,laranja,4.1,128
2,laranja,4,122
18,laranja,3.9,142
20,limão,2.2,90
16,limão,1.5,80
15,laranja,3.9,141
6,limão,2.1,91
3,laranja,3.7,146
10,laranja,4.3,140
16,laranja,3.8,124
19,laranja,4.1,135
2,laranja,3.6,132
6,limão,2.3,72
11,limão,1.9,84
19,laranja,3.5,130
16,laranja,3.7,148
16,limão,2.1,73
12,limão,1.8,76
15,laranja,4,148
2,limão,1.8,89
6,laranja,3.5,142
1,laranja,3.6,123
6,laranja,3.7,125
12,laranja,3.6,140
6,laranja,3.5,124
17,limão,2,84
14,limão,2.1,86
19,limão,2.2,81
5,limão,1.9,84
19,laranja,3.8,137
16,laranja,3.8,120
7,laranja,3.5,124
17,laranja,3.8,143
6,limão,2.2,90
4,limão,1.7,73
1,laranja,3.7,131
8,limão,2.3,85
14,laranja,4,130
7,laranja,4.2,126
8,laranja,3.7,134
9,limão,2,79
9,laranja,3.8,143
20,laranja,4.1,133
14,laranja,3.8,124
13,limão,1.9,81
11,laranja,4.3,133
20,limão,2.1,87
1,laranja,3.6,131
6,laranja,4.1,143
5,limão,2.2,85
13,laranja,3.6,143
20,laranja,4.2,125
20,laranja,4.3,140
12,laranja,4.2,133
7,limão,2,80
2,laranja,3.8,150
5,laranja,3.5,128
16,limão,2.1,83
9,limão,2.3,72
13,laranja,3.8,151
19,limão,1.8,82
15,limão,1.5,75
2,laranja,4.2,129
15,limão,2.1,73
14,laranja,4.1,134
20,limão,1.5,78
15,laranja,4.3,136
11,limão,1.5,80
18,limão,1.7,90
20,laranja,4.1,130
18,laranja,3.6,123
16,limão,1.9,70
20,laranja,3.8,148
5,laranja,4,151
19,limão,1.6,85
8,laranja,3.8,124
8,limão,1.5,83
17,laranja,4.1,129
20,laranja,3.6,143
4,laranja,3.9,146
5,laranja,3.9,139
14,limão,2.3,76
2,laranja,4.2,139
5,limão,1.7,91
15,limão,2.1,79
3,limão,2.3,92
9,laranja,4,131
19,laranja,3.6,132
5,laranja,4.2,127
18,laranja,3.8,124
9,laranja,3.5,137
2,limão,1.6,74
12,limão,1.9,92
7,laranja,4,120
1,limão,1.7,91
14,laranja,4.1,148
16,limão,2.2,84
20,laranja,4.2,142
17,limão,2.3,70
14,limão,1.7,83
15,limão,2.3,86
19,laranja,3.9,127
18,laranja,4.2,145
18,laranja,3.5,144
6,limão,2.2,85
10,laranja,3.9,151
11,limão,1.9,71
2,limão,2.3,79
7,laranja,4,129
4,limão,1.5,81
18,limão,1.8,79
20,laranja,3.6,136
12,laranja,4.3,130
14,laranja,4.1,149
9,limão,2.1,76
17,limão,1.5,85
2,limão,2.2,81
4,laranja,3.9,124
16,limão,1.9,74
13,limão,2.3,77
11,laranja,4.3,129
1,laranja,4.3,134
10,limão,2.3,73
8,limão,1.7,78
13,laranja,4.1,130
5,limão,2.3,88
7,laranja,3.6,142
9,laranja,3.6,151
17,limão,1.6,78
20,laranja,3.6,132
13,laranja,4.2,121
18,limão,1.5,90
16,laranja,3.7,127
8,laranja,4.3,123
16,laranja,4.1,149
6,limão,2.2,73
13,laranja,3.6,139
1,laranja,3.7,125
14,laranja,3.8,130
18,laranja,3.9,137
18,laranja,4,140
6,laranja,3.5,124
7,limão,1.9,86
19,limão,1.8,88
17,laranja,4.2,150
16,laranja,4,128
18,laranja,3.7,121
18,laranja,4.2,128
17,limão,1.9,89
4,limão,2,73
8,laranja,4.1,147
4,limão,1.5,70
8,laranja,3.9,124
15,limão,2.2,86
3,laranja,4.1,131
20,limão,1.7,72
16,laranja,3.6,148
1,laranja,3.5,145
20,limão,1.6,78
19,limão,1.9,80
12,laranja,3.9,121
15,limão,1.6,88
18,limão,2.3,81
17,laranja,4,142
11,limão,1.8,72
10,laranja,4,130
9,laranja,3.7,134
20,laranja,4,138
13,limão,2,77
9,laranja,4,131
9,laranja,3.6,133
15,limão,1.9,82
15,laranja,3.7,123
12,laranja,3.7,124
4,laranja,4,121
20,limão,1.8,76
12,laranja,3.9,142
19,limão,2.2,87
4,laranja,4.3,147
1,limão,2.2,73
9,limão,1.6,83
15,limão,1.5,83
7,limão,2.3,78
4,limão,1.7,76
18,laranja,3.5,122
4,laranja,3.8,142
19,limão,2,79
5,limão,1.9,78
14,limão,1.8,76
4,limão,1.9,74
20,limão,1.9,79
3,limão,1.8,83
1,laranja,4.3,123
17,limão,1.8,77
13,laranja,3.9,125
20,laranja,4.3,128
9,laranja,4.3,142
5,laranja,4,120
4,limão,1.8,75
8,limão,1.5,86
20,limão,2,89
20,laranja,3.7,149
3,laranja,3.5,149
11,laranja,3.9,141
16,laranja,4.1,131
12,limão,2,70
11,limão,1.7,89
14,limão,2.1,92
5,laranja,3.5,124
9,laranja,3.9,125
15,limão,1.9,83
13,limão,1.7,89
8,limão,2.1,74
6,laranja,3.7,138
11,limão,1.6,72
13,laranja,4.3,132
7,limão,1.9,74
2,laranja,3.8,138
13,laranja,3.7,141
11,limão,1.6,90
1,limão,1.5,73
16,laranja,3.5,143
12,laranja,4,126
20,limão,1.6,79
3,laranja,3.8,151
2,limão,2.2,84
14,laranja,4.1,146
20,laranja,3.8,150
3,laranja,3.8,124
3,laranja,3.5,121
1,laranja,3.7,146
4,laranja,4.3,125
10,laranja,3.6,143
4,limão,2.3,72
14,limão,2.3,89
19,laranja,3.8,129
19,laranja,4.3,135
18,limão,2.2,70
7,limão,2,76
19,limão,2.2,70
15,laranja,3.7,147
16,laranja,4.2,146
20,laranja,3.9,140
15,limão,1.7,78
1,limão,2.1,92
10,limão,1.6,86
18,limão,2.2,76
9,limão,2.3,86
17,laranja,4.1,145
11,laranja,4.1,133
3,laranja,4.1,123
3,laranja,4,128
3,laranja,3.7,126
16,limão,2.3,92
14,laranja,3.6,150
14,limão,1.8,74
17,limão,1.9,86
20,limão,2.3,76
2,laranja,4.3,150
5,limão,2.1,80
3,laranja,3.6,143
6,limão,1.8,91
15,laranja,4.2,129
12,limão,2.2,80
14,laranja,4.1,123
7,limão,1.7,75
15,laranja,3.9,123
5,limão,1.5,87
11,limão,1.8,85
13,limão,1.8,90
1,laranja,3.8,120
7,limão,2.1,86
19,limão,2,79
17,limão,2.2,81
3,limão,2,71
9,laranja,4.1,132
11,laranja,3.9,134
15,limão,1.5,92
13,laranja,4.1,146
1,limão,1.5,90
11,limão,2,70
13,limão,1.6,87
1,laranja,3.9,127
18,laranja,4.1,132
17,limão,2.1,71
10,laranja,3.7,136
14,laranja,4,120
8,laranja,4.3,128
20,limão,1.7,77
2,limão,2.2,81
13,limão,1.7,81
6,limão,2,70
4,laranja,3.7,151
20,limão,2.2,88
11,limão,1.7,84
19,limão,2,79
15,limão,2.2,77
13,laranja,3.8,151
14,laranja,4.1,135
1,laranja,4.2,122
10,limão,2.3,82
4,laranja,3.7,143
11,laranja,3.5,121
16,laranja,3.7,150
2,limão,2.2,84
13,limão,1.9,71
12,laranja,3.8,125
5,laranja,3.5,139
11,limão,1.9,73
1,limão,1.9,80
3,limão,1.5,78
19,laranja,4.1,150
6,limão,2.1,86
15,limão,1.8,74
6,laranja,3.8,148
1,limão,2.2,75
15,limão,1.7,72
5,laranja,3.6,129
16,limão,1.6,72
19,laranja,4.1,143
19,limão,1.7,83
18,laranja,3.7,126
20,laranja,3.5,123
6,limão,2.1,88
20,limão,2.3,77
11,limão,2,72
10,limão,1.5,77
20,laranja,3.8,127
2,laranja,3.8,127
8,limão,1.6,84
14,limão,2.2,81
13,laranja,3.9,144
7,limão,1.8,81
9,limão,1.7,85
18,laranja,4.2,129
16,laranja,3.6,138
9,laranja,3.5,149
1,limão,1.8,80
11,laranja,4.1,123
3,limão,2,79
2,limão,2,81
9,laranja,3.8,137
7,laranja,3.5,141
2,laranja,3.5,137
3,limão,1.5,82
6,limão,1.5,83
13,laranja,3.8,148
12,limão,2,78
4,laranja,3.9,122
6,limão,2.3,85
3,laranja,4,150
13,limão,2,71
8,limão,1.5,83
14,limão,1.7,75
3,laranja,3.6,138
14,limão,1.5,90
10,limão,1.7,85
5,limão,2.2,84
18,laranja,4.1,142
3,laranja,4.3,121
10,limão,1.8,82
6,laranja,4.2,130
12,laranja,4.3,136
13,laranja,3.8,123
15,limão,2,79
3,laranja,4,127
8,laranja,3.6,126
2,laranja,4.2,135
5,laranja,4,139
13,laranja,3.8,138
13,limão,1.8,84
6,limão,1.6,87
12,limão,2.3,72
5,limão,1.7,70
15,limão,1.7,92
10,laranja,4,126
11,laranja,3.6,132
14,laranja,4,133
10,laranja,3.8,132
10,laranja,3.9,122
13,limão,1.8,70
9,laranja,3.5,138
19,limão,2.3,75
18,laranja,3.5,138
7,laranja,4,146
13,limão,1.6,90
17,limão,2.2,71
1,laranja,3.7,146
19,laranja,3.7,134
9,limão,1.6,82
20,laranja,3.6,136
11,limão,2.3,92
20,limão,2,82
11,limão,1.9,73
11,limão,1.9,89
16,laranja,4,150
16,limão,1.7,79
16,limão,2.2,74
7,laranja,3.8,128
9,limão,2.1,88
7,limão,2.2,87
6,limão,1.8,84
13,laranja,3.7,133
19,laranja,4.2,125
17,laranja,3.6,135
4,limão,1.9,70
12,laranja,4.3,123
11,laranja,4.1,149
19,laranja,4,143
17,laranja,3.5,130
1,laranja,4,140
8,limão,2.2,87
18,laranja,3.5,151
18,laranja,3.8,131
6,limão,1.5,76
1,limão,1.5,77
18,limão,2,83
17,laranja,3.9,128
2,limão,1.5,72
16,limão,2.3,87
3,limão,1.5,72
7,limão,2,80
2,limão,1.5,70
9,laranja,3.9,141
4,laranja,3.7,128
2,laranja,3.6,123
5,limão,1.5,75
9,limão,1.9,91
6,limão,1.9,83
3,limão,1.9,92
10,laranja,3.9,131
6,limão,2.3,79
14,limão,2.2,75
9,laranja,3.8,143
6,limão,2.2,89
5,limão,1.6,76
4,laranja,3.7,135
12,limão,2,72
5,limão,1.6,87
9,laranja,3.6,136
18,limão,1.5,70
16,laranja,3.7,129
20,limão,1.5,72
13,limão,2,86
10,laranja,3.6,133
15,limão,1.6,85
18,laranja,4,144
3,limão,1.8,71
9,laranja,3.8,138
2,laranja,3.7,148
17,limão,1.8,77
4,laranja,4,120
11,limão,2.1,83
10,laranja,4,127
13,laranja,4.3,136
15,laranja,4.3,136
11,limão,2.2,71
10,limão,2.3,88
16,laranja,4,138
19,laranja,4,131
13,laranja,3.8,151
6,limão,1.9,87
16,limão,1.7,86
2,laranja,3.6,149
1,laranja,4,144
19,limão,2.2,79
6,laranja,3.5,146
16,laranja,3.8,130
8,laranja,3.7,130
7,laranja,3.9,146
11,limão,1.8,76
12,laranja,4.3,137
9,limão,2,70
2,laranja,3.6,123
16,laranja,3.6,148
4,laranja,3.7,137
15,limão,1.8,84
3,limão,1.6,72
18,laranja,3.8,131
13,laranja,3.7,144
11,limão,2.1,85
7,laranja,4.3,140
5,limão,1.8,82
13,laranja,3.5,126
19,limão,1.7,78
9,laranja,4.3,144
2,limão,1.8,80
4,laranja,3.5,134
5,limão,1.5,91
11,limão,1.5,70
4,limão,1.6,85
17,limão,1.8,85
1,laranja,4,139
8,limão,1.9,72
13,laranja,3.6,150
12,laranja,3.5,132
1,laranja,3.5,130
17,laranja,3.5,137
7,laranja,4.3,144
19,limão,1.5,89
7,laranja,3.6,146
3,limão,1.7,72
5,limão,1.7,71
11,laranja,3.9,127
5,laranja,4.2,147
7,limão,2.1,90
1,limão,1.7,78
6,laranja,3.5,147
8,laranja,3.6,130
11,laranja,3.7,138
19,laranja,4.2,128
1,limão,1.9,72
8,limão,1.8,73
14,limão,2.2,71
11,laranja,3.9,147
15,limão,2.1,92
18,limão,2,89
6,limão,2,76
12,limão,2.1,88
2,laranja,3.9,129
12,limão,1.7,90
6,laranja,4,133
5,laranja,3.9,147
10,laranja,4,127
8,laranja,4.2,150
1,laranja,3.7,128
10,laranja,3.6,133
11,limão,1.5,91
10,laranja,4,127
19,limão,1.8,85
12,laranja,4.2,127
5,limão,2.1,87
19,limão,1.6,74
6,limão,1.7,76
16,laranja,3.9,141
19,limão,2.3,79
8,laranja,3.9,143
20,laranja,4,120
18,laranja,3.7,136
3,laranja,4.1,144
18,laranja,4.3,150
9,laranja,3.7,138
18,laranja,4,121
17,limão,1.5,86
17,laranja,3.7,150
17,limão,2.1,73
3,limão,1.8,74
8,laranja,3.9,121
2,limão,2,74
8,laranja,3.6,123
8,laranja,4.3,145
6,laranja,4.2,122
14,laranja,4.2,126
17,limão,1.7,92
16,laranja,4.2,123
1,laranja,4.2,148
13,laranja,3.5,124
18,laranja,3.8,132
14,limão,1.9,91
16,laranja,3.9,133
14,limão,1.6,85
6,laranja,4,122
10,laranja,4.1,130
18,limão,1.7,73
8,laranja,4,142
18,laranja,3.7,129
8,laranja,3.7,133
16,laranja,3.6,131
15,laranja,3.5,125
5,laranja,4.1,123
14,limão,1.9,82
13,limão,2.2,90
16,laranja,3.5,123
13,laranja,4,141
10,laranja,3.6,147
3,limão,1.7,87
11,laranja,3.6,135
3,limão,2.2,72
18,laranja,3.5,131
4,laranja,3.8,140
11,laranja,4.1,139
7,limão,1.5,73
15,laranja,3.6,134
12,laranja,3.8,134
10,laranja,4.3,148
17,limão,1.5,72
12,limão,1.6,75
9,laranja,4.2,140
11,laranja,3.6,121
17,limão,2.1,78
3,laranja,4.2,125
11,laranja,4.3,139
6,limão,2.3,81
14,laranja,3.6,145
9,limão,2.1,72
11,laranja,3.8,143
16,limão,1.6,79
15,laranja,4.3,140
9,laranja,3.9,142
15,limão,2.2,76
1,limão,1.6,78
5,limão,2,71
17,limão,2.2,70
19,laranja,4.1,144
17,limão,2.1,87
6,laranja,4.1,127
14,laranja,3.8,140
1,limão,2.1,74
12,laranja,4,142
3,limão,2.2,81
11,limão,2,91
14,limão,2.3,83
19,laranja,3.6,150
19,limão,1.9,89
11,laranja,4.2,131
10,limão,1.8,81
16,laranja,4.1,129
18,laranja,4.1,151
3,limão,2,90
10,limão,1.7,87
9,limão,2,92
9,laranja,3.9,142
5,laranja,3.8,126
2,laranja,4.1,140
7,limão,1.8,70
9,limão,1.5,71
2,laranja,3.9,129
7,limão,1.5,88
9,laranja,3.6,135
7,limão,1.6,86
12,limão,2.3,70
20,limão,1.5,70
6,laranja,4,141
5,limão,1.7,83
13,laranja,3.7,144
20,limão,1.6,77
18,limão,2,79
2,laranja,4,121
19,limão,1.6,80
2,laranja,4.2,127
2,limão,1.9,71
14,laranja,3.8,132
18,laranja,3.6,150
13,laranja,3.9,126
5,laranja,3.7,125
7,laranja,3.7,147
3,laranja,4.1,130
5,laranja,4.3,133
8,limão,2.2,85
3,laranja,3.6,134
16,limão,1.5,89
20,limão,2.2,75
16,limão,1.7,83
12,limão,1.6,88
7,limão,1.7,76
12,laranja,4.1,143
3,laranja,4.3,124
8,laranja,3.5,137
19,laranja,3.6,136
16,limão,1.7,70
4,limão,2.3,87
16,limão,1.6,70
18,limão,2,87
16,laranja,3.5,145
14,laranja,3.6,145
7,laranja,3.8,149
2,limão,2.1,91
12,limão,2.3,82
11,laranja,3.8,137
15,laranja,4.2,143
5,limão,2.3,87
2,laranja,3.5,145
1,limão,2.3,72
14,laranja,4.3,150
8,limão,1.6,74
19,limão,1.8,75
20,laranja,3.7,142
20,laranja,3.5,148
15,laranja,3.7,149
2,laranja,4.2,123
2,laranja,3.7,131
12,limão,1.8,82
10,laranja,3.5,142
18,laranja,4.3,130
8,limão,2,74
1,laranja,3.7,142
2,limão,1.6,79
13,laranja,3.7,125
19,laranja,3.8,121
8,laranja,3.9,137
9,laranja,4.1,135
18,laranja,4.1,135
4,laranja,3.6,134
9,laranja,3.7,123
10,laranja,3.6,147
9,laranja,3.7,124
12,laranja,3.7,144
11,limão,1.6,87
15,laranja,3.9,147
1,laranja,4.2,144
9,limão,1.5,80
10,limão,1.9,77
15,laranja,3.6,132
10,laranja,4.3,142
19,laranja,3.9,145
18,laranja,4.1,140
8,laranja,4.2,131
15,laranja,4.3,150
17,limão,1.6,89
5,limão,1.7,90
3,laranja,3.7,151
19,limão,2.2,83
20,laranja,4.2,142
7,laranja,3.9,139
15,laranja,3.6,121
19,limão,2.1,72
20,laranja,4.1,134
7,laranja,3.6,124
4,laranja,4.2,148
10,limão,1.6,79
9,limão,2.2,90
10,limão,1.8,75
8,laranja,3.7,138
3,laranja,3.5,120
19,laranja,4.2,150
3,limão,1.8,90
4,limão,2.2,73
8,limão,1.7,77
14,limão,1.9,92
20,laranja,3.7,142
2,limão,1.6,72
13,laranja,4,149
12,limão,2.1,85
2,limão,1.6,75
12,laranja,3.8,140
12,limão,1.8,72
8,laranja,4,128
19,laranja,3.9,141
12,laranja,4,131
3,laranja,3.8,121
15,limão,2.3,90
20,limão,1.6,91
9,laranja,4.2,145
18,laranja,3.9,133
9,limão,1.9,79
14,laranja,3.5,124
12,limão,1.5,77
17,limão,1.9,84
10,limão,1.7,77
20,laranja,3.5,141
3,laranja,3.6,124
19,limão,2.1,74
18,limão,1.6,84
3,laranja,3.5,140
20,limão,1.9,92
1,limão,1.5,87
2,limão,2.1,80
14,laranja,3.7,129
19,limão,1.6,88
8,limão,1.5,79
20,limão,2.1,85
3,laranja,3.7,130
5,laranja,3.6,122
9,limão,2.2,82
6,limão,1.9,71
12,limão,1.5,92
13,limão,2.1,73
4,limão,1.5,77
9,laranja,3.5,125
14,laranja,4.3,137
14,laranja,4.1,149
6,laranja,3.8,147
17,laranja,3.7,128
4,limão,1.7,85
9,laranja,4.3,140
8,laranja,3.7,122
4,laranja,4.1,145
2,limão,1.9,92
1,laranja,3.7,123
9,laranja,3.7,131
6,laranja,4.1,146
8,laranja,4,144
17,laranja,4.1,121
4,limão,1.6,78
17,laranja,3.7,148
7,limão,1.7,86
18,limão,1.8,87
10,laranja,4.1,131
8,laranja,4.2,130
18,limão,1.8,90
14,laranja,3.8,126
14,laranja,3.7,151
2,limão,2.2,78
7,limão,1.5,83
13,laranja,3.8,140
3,limão,1.9,82
3,limão,2.1,88
8,limão,1.9,72
19,limão,1.7,82
9,limão,1.8,77
16,limão,2.3,85
18,laranja,4,147
8,limão,2,76
13,limão,2.3,82
5,laranja,3.9,145
19,limão,1.9,72
13,limão,1.9,85
12,laranja,4.3,136
19,laranja,3.9,146
9,laranja,4.2,129
20,limão,2,92
16,laranja,3.7,122
11,limão,1.9,71
9,limão,1.5,76
16,limão,2.3,79
1,limão,2,78
19,laranja,3.5,144
1,laranja,4.1,146
20,laranja,3.8,144
17,laranja,3.5,147
7,limão,1.7,73
7,laranja,3.6,130
5,laranja,3.9,135
11,laranja,3.5,129
10,limão,1.9,78
4,limão,2.3,82
19,laranja,4.3,123
19,laranja,4.3,144
10,laranja,4.1,144
12,laranja,3.8,126
1,limão,2.2,84
17,laranja,3.9,129
8,limão,2.2,84
4,limão,2,89
19,limão,1.5,77
6,laranja,4.2,147
8,laranja,4.2,145
5,limão,1.6,73
2,laranja,3.9,140
17,limão,1.6,77
7,limão,1.5,86
12,laranja,3.6,136
10,limão,1.7,83
18,limão,2.1,74
5,limão,1.9,75
17,laranja,3.5,150
7,laranja,3.5,126
16,limão,2.3,83
14,limão,1.7,77
9,limão,1.6,71
7,limão,2.2,74
12,limão,1.9,88
1,laranja,3.5,132
11,limão,2.1,92
3,limão,1.9,70
8,limão,1.6,89
16,laranja,3.6,132
1,laranja,4,141
16,limão,1.9,89
20,limão,1.7,91
19,limão,1.8,73
16,laranja,4,135
8,laranja,3.6,139
8,limão,1.6,74
14,limão,1.6,88
20,laranja,4,143
3,limão,2,71
3,laranja,3.7,122
10,limão,1.7,81
6,limão,1.6,89
13,laranja,3.8,120
6,laranja,4.3,138
11,laranja,4.3,133
19,limão,1.8,76
14,laranja,3.5,141
14,laranja,4,147
18,limão,1.9,80
6,laranja,4.3,132
12,laranja,3.5,145
9,laranja,4.3,142
8,laranja,3.8,138
1,limão,1.5,87
16,laranja,4.2,124
4,laranja,3.8,139
15,laranja,3.5,141
9,limão,1.6,77
7,limão,1.7,89
10,limão,1.9,89
14,limão,2.1,86
6,limão,1.9,79
8,laranja,4.3,135
13,limão,2.3,77
18,limão,1.8,90
9,laranja,3.6,141
7,laranja,3.5,125
5,limão,2.1,87
10,limão,1.6,89
17,laranja,3.7,145
6,laranja,3.7,130
17,limão,1.6,83
1,limão,2.1,70
7,limão,2.3,80
13,laranja,4.2,150
10,limão,2.2,78
8,limão,2,90
16,laranja,3.6,130
1,limão,1.6,76
16,limão,1.9,75
6,laranja,4.2,140
4,laranja,3.6,127
11,laranja,3.6,148
19,limão,2,77
5,laranja,4.1,122
19,laranja,3.5,143
15,laranja,4,138
8,limão,1.7,70
12,limão,1.8,75
5,limão,1.9,71
8,laranja,4.1,136
14,laranja,3.7,136
14,limão,2.1,73
14,laranja,4,148
13,laranja,3.5,151
18,laranja,3.6,139
12,limão,2,76
20,laranja,4.2,143
11,limão,1.5,78
4,limão,1.5,76
3,laranja,4.3,138
14,laranja,3.6,124
5,laranja,4.1,141
8,laranja,3.7,146
19,limão,2.1,86
16,laranja,3.5,137
8,laranja,4.3,132
8,limão,1.5,70
9,laranja,4.1,134
13,limão,1.9,89
15,laranja,4.2,125
6,laranja,3.5,149
9,laranja,3.9,124
12,limão,1.7,75
10,limão,2,90
13,laranja,4,134
12,laranja,3.8,140
18,laranja,3.7,148
6,limão,1.5,90
11,limão,2.2,86
17,laranja,4.3,121
15,limão,1.6,77
17,limão,1.5,86
17,laranja,4.2,139
11,laranja,4.1,136
16,laranja,4.1,133
15,laranja,3.7,124
18,laranja,4.3,143
12,limão,1.7,90
9,laranja,3.5,144
19,laranja,4.2,126
15,limão,2.1,77
12,limão,1.9,81
9,laranja,3.5,124
17,limão,1.5,76
2,limão,1.8,80
14,laranja,4.1,121
16,limão,2,81
20,laranja,3.9,123
20,laranja,4.2,151
19,limão,1.8,85
14,limão,1.6,71
15,laranja,3.8,148
2,laranja,4.2,143
16,limão,2.3,81
2,laranja,4.1,136
11,limão,2,78
14,limão,1.6,72
20,laranja,3.6,147
12,limão,1.8,80
17,limão,1.8,90
12,laranja,3.9,144
7,limão,1.7,89
19,limão,1.6,87
19,laranja,4,148
7,laranja,3.6,123
4,laranja,4,136
6,laranja,3.9,144
2,laranja,4.2,144
16,laranja,3.6,122
12,limão,2.3,70
11,laranja,3.8,133
1,limão,2,91
1,limão,2,80
19,laranja,3.8,136
17,limão,2.1,75
14,laranja,3.5,141
3,limão,1.5,70
10,limão,1.7,78
2,limão,1.8,76
2,limão,1.6,70
8,laranja,4.3,135
3,laranja,3.7,125
6,limão,1.9,87
1,laranja,4.3,131
19,limão,1.8,74
11,laranja,4.3,137
20,limão,1.7,85
15,limão,2.2,72
3,limão,2,85
16,limão,2,76
10,laranja,4.3,122
18,laranja,3.9,130
13,limão,1.6,83
8,limão,2,74
1,limão,1.5,80
5,limão,1.8,81
5,laranja,3.8,134
7,limão,2.3,91
15,limão,1.9,86
4,limão,2,81
16,laranja,3.9,137
15,laranja,4,123
19,limão,2.1,85
19,laranja,4.3,125
5,laranja,3.5,148
1,limão,1.6,79
2,laranja,3.9,136
14,laranja,4,142
20,limão,1.6,71
18,laranja,3.5,142
15,laranja,3.8,128
11,limão,1.5,71
17,laranja,3.6,134
16,limão,1.6,77
5,limão,1.9,70
18,limão,1.5,85
4,laranja,3.9,138
2,limão,1.8,79
15,limão,2,87
5,limão,1.7,86
5,limão,2.3,88
9,laranja,3.7,147
13,laranja,4,138
5,laranja,4.1,123
2,laranja,3.8,121
17,limão,2.2,78
2,limão,2.1,86
11,laranja,4.3,126
20,limão,1.8,71
12,laranja,3.9,141
17,laranja,3.5,135
2,limão,1.8,91
4,limão,1.9,81
18,limão,1.9,79
16,limão,2.1,78
6,limão,1.9,71
3,limão,2.3,82
18,laranja,3.8,134
12,limão,1.9,86
13,limão,2.2,91
12,limão,2.1,89
20,laranja,4.3,130
2,laranja,4.2,131
14,limão,1.8,92
18,laranja,3.6,138
11,limão,1.5,75
14,laranja,3.6,142
2,limão,1.7,70
8,limão,2.3,83
12,limão,1.7,82
7,limão,2.2,73
2,limão,2.2,81
2,limão,1.8,88
1,laranja,3.7,135
17,laranja,3.6,151
2,laranja,3.5,144
1,laranja,4,129
9,limão,1.5,78
5,limão,1.5,70
5,laranja,3.5,134
4,limão,1.8,72
20,limão,2.2,89
12,limão,2.3,78
13,limão,1.6,76
9,limão,1.7,85
18,laranja,3.6,135
15,limão,1.5,75
15,limão,1.8,84
6,limão,1.9,87
6,laranja,3.5,142
18,limão,2,74
10,limão,1.5,90
1,laranja,3.9,144
19,limão,1.5,77
3,limão,2.2,90
13,limão,1.9,89
20,laranja,3.9,145
4,laranja,4,135
20,limão,2.1,74
18,laranja,4.1,140
16,limão,2.3,78
7,limão,1.8,86
18,limão,2,73
20,limão,1.9,80
15,laranja,3.8,148
5,laranja,4.1,149
16,limão,2.3,70
16,laranja,4.1,139
13,limão,1.5,70
12,limão,1.6,79
13,laranja,4,129
13,laranja,3.6,148
3,limão,1.5,81
7,limão,2,86
1,limão,2.3,88
16,laranja,4.2,139
20,laranja,3.9,139
12,limão,2,91
9,limão,2.2,80
2,laranja,4,128
16,laranja,3.8,140
17,limão,2.1,92
18,limão,1.6,70
13,laranja,4.2,140
6,limão,2.2,74
6,limão,1.8,83
2,laranja,3.5,136
19,limão,2.3,90
12,limão,2,75
9,laranja,3.7,137
2,laranja,4.3,131
6,laranja,4.3,121
2,laranja,3.7,121
15,limão,1.8,92
17,limão,1.5,86
5,limão,2.1,91
19,laranja,4.2,144
16,laranja,3.6,128
12,limão,2.3,81
9,limão,1.7,84
13,limão,2,73
16,laranja,4.2,143
18,limão,1.6,79
1,limão,2.2,84
4,laranja,3.7,137
16,limão,1.8,92
10,limão,1.8,70
11,limão,2.3,77
11,limão,1.6,88
18,laranja,3.7,131
4,laranja,4.2,138
15,laranja,3.6,132
7,laranja,3.6,148
18,laranja,4,132
8,limão,2.1,85
8,laranja,3.5,131
12,laranja,4.2,149
14,limão,1.5,81
8,limão,1.7,71
19,laranja,3.6,137
19,laranja,3.8,128
14,limão,1.5,84
12,laranja,3.7,123
11,limão,2.2,71
6,limão,1.8,78
8,limão,1.9,73
18,limão,1.7,70
7,laranja,3.5,147
15,limão,1.9,88
2,laranja,3.9,151
5,limão,1.7,92
6,laranja,4.1,137
2,laranja,3.9,139
2,limão,1.9,85
14,laranja,4.3,132
8,laranja,4.1,150
9,laranja,3.7,132
19,limão,1.7,84
10,limão,2.3,77
4,laranja,3.5,137
2,laranja,3.5,146
11,limão,1.8,89
8,limão,2,75
6,laranja,4,145
2,laranja,3.9,121
8,limão,1.6,70
18,limão,1.5,78
4,limão,2,90
14,limão,2.1,78
9,laranja,4.3,130
7,limão,1.7,92
11,laranja,3.9,142
2,laranja,3.7,146
19,limão,1.9,70
13,laranja,4.1,130
12,limão,1.7,90
20,laranja,3.9,120
15,limão,1.5,81
12,laranja,3.8,132
13,limão,1.5,71
4,laranja,3.8,145
12,laranja,3.7,148
18,laranja,3.8,131
19,laranja,4.2,138
13,laranja,4,123
1,limão,1.8,88
4,limão,1.8,89
2,limão,2.2,91
7,laranja,4.2,148
3,laranja,3.5,145
6,laranja,4.2,128
6,laranja,3.7,144
12,limão,1.8,70
13,laranja,3.5,134
6,laranja,3.6,130
1,laranja,4,122
5,laranja,3.5,150
5,laranja,3.8,137
14,limão,1.9,72
15,limão,2.1,85
5,laranja,3.6,132
16,laranja,3.5,142
18,limão,2.2,79
6,limão,2.1,72
17,laranja,3.5,130
19,limão,1.6,88
4,laranja,3.8,132
10,limão,1.6,85
4,limão,1.9,87
4,limão,2.1,80
14,laranja,4,132
15,limão,1.7,75
3,laranja,3.9,130
3,laranja,3.9,127
19,limão,1.8,84
7,limão,2.1,89
2,limão,1.6,90
19,laranja,3.8,133
13,limão,2.2,87
3,laranja,4.2,151
14,laranja,3.8,148
16,laranja,4.2,134
2,laranja,3.6,132
20,limão,2.2,74
1,laranja,3.7,122
6,limão,1.8,83
2,limão,1.8,77
20,limão,1.8,84
12,limão,2.3,73
3,limão,2.3,76
4,limão,1.8,83
18,laranja,4.3,123
2,limão,1.7,81
3,laranja,3.7,124
7,limão,1.8,79
13,laranja,3.8,125
13,laranja,3.6,137
2,limão,2.3,88
9,laranja,3.7,137
7,limão,2,81
8,limão,1.6,70
4,limão,1.8,77
12,limão,1.6,71
5,laranja,3.9,142
1,laranja,4.3,135
6,laranja,4.2,120
4,limão,2.1,80
6,laranja,4,129
7,laranja,4,145
4,limão,1.5,81
5,laranja,4.3,150
15,laranja,3.9,137
20,laranja,3.6,136
15,limão,2.3,90
8,laranja,3.7,124
14,limão,2.1,78
19,laranja,4,137
5,laranja,4.2,134
16,limão,2,89
6,limão,2.2,91
8,limão,2.1,77
8,limão,1.5,89
15,laranja,4.3,125
8,limão,1.6,70
15,limão,2,76
11,laranja,3.9,136
16,limão,2.3,80
14,limão,1.6,75
19,laranja,3.7,121
1,laranja,3.9,149
4,laranja,3.5,120
7,limão,2,87
12,laranja,3.6,131
14,laranja,4.3,145
13,limão,2.2,75
19,laranja,4.3,136
5,laranja,4.3,130
18,limão,1.5,70
20,laranja,4,145
1,laranja,3.5,127
10,laranja,4.2,131
13,limão,1.8,86
12,limão,1.8,90
6,laranja,3.8,139
6,laranja,3.9,145
10,limão,1.6,71
2,laranja,4.3,146
11,laranja,3.8,131
14,laranja,3.7,135
20,laranja,3.9,123
13,limão,1.8,84
2,laranja,3.8,137
11,laranja,3.8,130
14,limão,1.5,91
4,limão,2.2,87
12,limão,2.1,70
3,laranja,3.5,125
3,limão,1.5,78
1,limão,2.3,86
6,limão,1.8,72
8,laranja,3.8,132
18,laranja,3.7,120
1,laranja,3.6,122
14,laranja,3.8,120
10,limão,1.6,88
3,limão,2.2,74
8,laranja,3.7,123
17,laranja,3.7,130
12,limão,1.5,70
1,laranja,3.6,137
18,limão,1.5,82
1,laranja,3.8,132
2,limão,1.6,79
18,limão,1.7,90
6,laranja,3.6,149
4,limão,1.9,91
12,limão,1.7,71
14,limão,2,88
14,limão,2.2,87
20,laranja,3.7,133
4,limão,2,92
20,limão,1.8,87
13,laranja,3.7,130
13,laranja,4.2,132
12,laranja,4.3,122
16,laranja,3.5,149
20,limão,2,79
8,laranja,4,123
4,laranja,3.8,121
14,limão,2.2,81
18,laranja,4.1,124
4,limão,1.8,80
2,limão,1.7,92
9,laranja,3.8,145
12,limão,1.6,82
10,limão,1.7,80
20,laranja,4,127
13,laranja,3.5,131
5,limão,1.5,82
8,laranja,4.3,131
4,laranja,4,138
12,laranja,4,146
2,laranja,4,136
8,laranja,3.7,137
17,laranja,4,121
14,laranja,4.2,151
9,limão,2,92
12,laranja,3.5,144
14,limão,1.7,81
6,limão,1.8,79
17,limão,2.3,90
2,limão,2.3,76
1,laranja,3.5,140
14,limão,1.7,82
8,limão,2.2,78
3,laranja,4,134
6,laranja,4.1,132
5,limão,1.8,75
12,laranja,4.1,137
10,limão,1.9,82
18,laranja,3.8,145
3,limão,1.5,86
14,laranja,4.3,131
16,limão,1.9,70
18,limão,1.8,83
4,laranja,3.5,120
1,limão,2.1,88
12,laranja,3.6,145
2,laranja,3.9,150
20,laranja,3.9,142
4,laranja,4.3,121
12,limão,1.8,90
17,limão,1.6,71
12,laranja,3.9,123
17,limão,2.1,77
13,laranja,4.1,140
14,limão,1.9,80
8,laranja,3.9,128
13,limão,2,88
16,laranja,4.1,133
4,laranja,4,120
15,limão,2.2,85
2,laranja,3.5,148
6,laranja,4.3,140
14,laranja,3.5,124
19,limão,2,78
20,limão,1.8,89
12,laranja,4.2,142
1,laranja,3.9,136
14,limão,1.6,86
6,laranja,3.7,144
17,laranja,3.6,125
20,laranja,3.6,135
14,laranja,3.6,124
16,laranja,3.5,128
20,limão,2.1,81
18,laranja,3.6,127
5,laranja,3.6,132
16,laranja,3.6,148
10,laranja,3.7,126
19,laranja,4.2,149
5,limão,2,72
19,laranja,3.9,131
15,limão,2.2,76
15,laranja,4.3,143
6,limão,1.9,79
13,limão,2,89
11,limão,2.2,72
15,limão,1.9,70
13,limão,1.5,71
15,laranja,4.3,133
14,limão,1.8,90
2,laranja,3.5,128
2,laranja,3.5,128
19,laranja,3.9,134
11,laranja,4.2,121
17,limão,1.7,91
14,laranja,4.1,140
20,laranja,3.8,125
5,laranja,4.1,147
9,laranja,3.7,124
9,laranja,3.8,126
12,laranja,3.6,130
14,laranja,4.2,131
12,laranja,4.2,147
5,laranja,3.9,132
14,limão,2.2,72
5,limão,2.2,78
20,limão,1.5,85
17,laranja,4.1,140
4,laranja,4.3,137
18,laranja,4.3,146
15,laranja,4.1,145
20,limão,1.9,76
7,limão,1.7,76
4,limão,1.8,85
17,limão,2.1,84
3,limão,2.1,91
14,limão,2.2,71
19,laranja,4.1,146
10,limão,2.1,76
17,laranja,3.9,144
18,laranja,4.2,147
16,limão,2.3,74
6,limão,1.8,78
12,limão,1.6,92
1,limão,1.9,70
8,laranja,3.8,136
9,laranja,3.9,133
15,laranja,3.9,125
11,limão,1.8,91
2,laranja,3.7,128
12,limão,1.8,81
16,limão,2.3,82
5,limão,2.1,83
13,laranja,3.7,131
16,limão,1.5,79
8,laranja,4.3,142
3,laranja,3.8,143
19,laranja,3.6,149
4,laranja,3.6,137
9,laranja,4.2,143
2,limão,2.3,73
15,limão,1.6,83
5,laranja,4.2,142
8,limão,1.8,70
12,laranja,3.6,125
2,limão,1.7,73
18,laranja,3.6,130
3,limão,2.1,90
11,limão,2.1,81
9,limão,2.1,74
3,limão,1.7,89
7,limão,1.7,92
2,limão,1.6,91
3,limão,1.6,82
12,laranja,4,147
18,laranja,4.1,143
9,laranja,3.9,132
13,limão,1.7,76
19,limão,1.5,88
9,laranja,3.6,123
15,limão,2.2,82
6,limão,1.6,88
11,laranja,3.6,149
15,laranja,3.6,146
8,laranja,4,144
7,limão,1.5,87
8,laranja,4.1,142
3,limão,2.2,71
18,limão,1.6,78
10,limão,1.5,89
13,limão,2.1,89
17,limão,2.2,92
7,limão,1.8,73
9,limão,2,70
16,laranja,3.5,150
2,limão,2.3,81
3,limão,1.6,72
4,limão,1.8,75
1,limão,2.1,72
3,laranja,3.9,135
17,limão,1.5,80
11,laranja,3.5,131
13,laranja,4.1,129
12,limão,1.8,87
4,laranja,4.1,137
12,limão,2.2,82
6,limão,2.3,76
15,limão,1.6,79
12,laranja,3.7,139
3,limão,1.7,82
15,limão,1.6,74
19,laranja,3.7,132
18,limão,2.3,79
8,limão,2.2,71
6,limão,1.7,89
16,laranja,4.2,142
13,laranja,4,133
15,laranja,3.5,129
14,limão,1.6,90
6,limão,1.5,80
6,laranja,3.5,141
18,laranja,3.7,141
18,laranja,4.2,147
2,laranja,4,142
7,laranja,4,132
10,laranja,3.9,136
4,limão,2.3,72
12,limão,2.2,79
11,laranja,4.2,138
9,laranja,4.3,129
17,limão,1.9,90
15,laranja,3.7,130
6,laranja,4.1,134
14,laranja,3.7,129
3,limão,1.6,85
20,limão,1.5,77
12,laranja,3.7,131
8,limão,2.3,74
1,laranja,3.9,126
5,laranja,3.8,149
14,laranja,3.6,137
5,laranja,3.9,127
19,limão,2.2,71
11,laranja,3.7,137
4,limão,1.6,76
11,laranja,3.9,129
10,limão,2.1,89
6,limão,2.1,74
10,limão,2.2,92
14,limão,2.1,84
8,laranja,3.9,129
19,laranja,3.9,147
18,limão,2.1,81
15,laranja,4.2,126
11,laranja,3.6,121
5,laranja,3.7,147
11,laranja,3.6,123
9,limão,1.6,89
18,limão,1.6,92
12,limão,1.5,70
7,laranja,3.7,145
14,limão,1.8,86
20,laranja,3.9,133
17,limão,1.8,77
14,laranja,4,145
20,laranja,4.1,137
2,laranja,3.7,142
12,laranja,3.7,141
5,limão,2,88
18,limão,1.5,81
1,limão,1.7,90
4,limão,2,73
5,laranja,4.3,120
14,limão,2.1,74
18,laranja,3.5,133
19,laranja,3.8,147
18,limão,1.6,82
10,laranja,3.6,124
19,laranja,4.2,149
12,laranja,4.2,131
4,limão,1.7,81
15,limão,1.7,88
12,laranja,4,142
20,limão,1.9,81
10,limão,2.2,87
11,limão,2.3,77
19,laranja,4.1,125
9,limão,2,71
18,laranja,3.9,135
17,limão,1.5,72
4,laranja,3.8,122
4,limão,1.9,92
7,limão,2,86
9,limão,2.2,91
12,laranja,3.7,133
13,limão,2.3,92
1,laranja,3.9,142
2,laranja,3.8,126
5,limão,2.1,76
8,limão,2,79
8,limão,1.5,88
13,laranja,3.9,146
4,limão,1.6,86
20,limão,2.3,82
14,limão,2.3,76
17,limão,2,81
19,limão,1.9,84
19,limão,1.6,83
18,limão,1.5,82
2,laranja,3.7,126
14,laranja,3.5,121